BattleSkill/Brother1/Skill_1,唐门暗器总纲
BattleSkill/Brother1/Skill_1_1,唐
BattleSkill/Brother1/Skill_1_2,门
BattleSkill/Brother1/Skill_1_3,暗
BattleSkill/Brother1/Skill_1_4,器
BattleSkill/Brother1/Skill_1_5,总
BattleSkill/Brother1/Skill_1_6,纲
BattleSkill/Brother1/Dialog_1_1,谁敢动我师弟！
BattleSkill/Name/brother1,唐门暗器总纲
BattleSkill/Desc/brother1,自身大范围进行金钱镖随机锁定攻击，最后丢出三个无差别雷火弹。
BattleSkill/Name/brother2,毒药
BattleSkill/Desc/brother2,自身范围及随机敌人丢出毒药，产生无差别中毒异常持续效果。
BattleSkill/Name/brother4,全都是我的钱
BattleSkill/Desc/brother4,将场上的钱全部吸过来，最后丢出丹药及无差别巨大炮弹。
BattleSkill/Name/sister1_1,天地无声势
BattleSkill/Desc/sister1_1,产生三个分身，随机锁定敌人进行小范围攻击。
BattleSkill/Name/special3,点破云关．雷动九天
BattleSkill/Desc/special3,在固定路径进行四次直线范围超强力攻击。
BattleSkill/Name/girl4,强力攻击
BattleSkill/Desc/girl4,原地进行两次中范围强力攻击。
BattleSkill/Name/girl9,金钱镖
BattleSkill/Desc/girl9,直线方向进行金钱镖攻击。
BattleSkill/Name/player_1,奋力一击
BattleSkill/Desc/player_1,在无敌状态下进行原地前方两次攻击。
BattleSkill/Name/player_shield_1,护体气罩
BattleSkill/Desc/player_shield_1,获得无敌状态，持续8秒。
BattleSkill/Name/player_block,防御
BattleSkill/Desc/player_block,无敌状态并击退敌人。
BattleSkill/Format/Name,[{0}]
