Character/unknown,？？？
Character/player,赵活
Character/player_imagine,赵活
Character/player_soul,赵活
Character/player_ass,赵活屁股
Character/player_young,少年赵活
Character/player_child,幼年赵活
Character/player_old,赵活
Character/player_section,赵活
Character/brother1_0,？？？
Character/brother1_1,蒙面人
Character/brother1,唐布衣
Character/brother1_2,唐布衣
Character/brother1_young,少年唐布衣
Character/brother2,唐铮
Character/brother2_young,少年唐铮
Character/brother3,唐升
Character/brother3_young,唐升
Character/brother4,唐惟元
Character/master,唐中翎
Character/sister1,唐默铃
Character/special1_1,玄衣少年
Character/special1,刘颚
Character/special2_1,？？？
Character/special2,龙渊
Character/special3_1,斗笠人
Character/special3,叶云舟
Character/special3_2,叶云舟
Character/special4,樊啸天
Character/special5_1,？？？
Character/special5,昆仑奴
Character/special6_1,？？？
Character/special6,万里鹏程
Character/special7,石公远
Character/special800,宋悲
Character/special801,谭霸刀
Character/special802_0,？？？
Character/special802,辛儒
Character/special803_0,商人
Character/special803,江行老
Character/special804,雷谦
Character/special805_0,？？？
Character/special805,鹤手
Character/special806,勾魂叟
Character/special807,吕翁
Character/special808,解无尘
Character/special808_0,？？？
Character/special809,李富贵
Character/special810,乐屏
Character/special811,唐衫
Character/special812,唐守鸿
Character/special812_1,唐守鸿
Character/special813,画中仙
Character/special813_1,画中仙
Character/special813_2,画中仙
Character/special814,万胜
Character/special815,石夫人
Character/special816,破戒僧
Character/special817,赵扩
Character/special818,书蓉
Character/special819,完颜珣
Character/special820,第三香
Character/special821,夏侯梅
Character/special822,呼延菊
Character/special823,袁无宪
Character/special824,荆红
Character/special825,夏灵犀
Character/special826,释明
Character/special827,沧帮帮主
Character/special828,余公子
Character/special829,南溪
Character/special830,梁有诗
Character/special831,孟仙谣
Character/special832,唐芳
Character/special833,南宫秀
Character/special834,段智秀
Character/special835,南宫己
Character/special835_1,南宫己
Character/special836,段婉清
Character/special837,方独弱
Character/special101,南宫远
Character/special102,南宫深
Character/special102_1,南宫深
Character/special103,南宫浅
Character/special104,南宫横
Character/special201,邹博
Character/special202,观云客
Character/special203,听海生
Character/special204,火龙仙君
Character/special205,尹志平
Character/special206,福韫
Character/special206_2,福韫
Character/special207,金乌上人
Character/special207_1,金乌上人
Character/special208,晁和
Character/special208_1,晁和
Character/special209,丘处机
Character/special210,成吉思汗
Character/special211,李紫穹
Character/special211_1,李紫穹
Character/special212,铁冠道人
Character/special212_1,无相祖师
Character/special212_2,吴乡
Character/special213_0,？？？
Character/special401,王二壮
Character/special402,温夫人
Character/special402_1,温夫人
Character/special402_2,温夫人
Character/special402_3,苏迎香
Character/special403,赵逵
Character/special404,丹霞子
Character/special405,申屠龙
Character/special406,无名
Character/special407,上官隼
Character/special408,向无忧
Character/special409,车轩辕
Character/special410,方丈
Character/special999_0,？？？
Character/special999,瑞笙
Character/special999_1,白衣少年
Character/girl1_1,？？？
Character/girl1,瑞杏
Character/girl2_1,少女
Character/girl2,叶云裳
Character/girl2_2,叶云裳
Character/girl2_3,？？？
Character/girl2_3_1,叶云舟（？）
Character/girl2_4,叶云啾
Character/girl2_5,叶云裳
Character/girl3_1,？？？
Character/girl3,夏玉莲(暂)
Character/girl4_1,少女
Character/girl4,龙湘
Character/girl4_2,龙湘
Character/girl5,虞小梅
Character/girl5_2,虞小梅
Character/girl5_3,女飞贼
Character/girl5_4,虞小梅
Character/girl5_5,虞小梅
Character/girl5_6,虞小梅
Character/girl6,夏侯兰
Character/girl6_1,夏侯兰
Character/girl6_2,夏侯兰
Character/girl7,郁竹
Character/girl7_1,郁竹
Character/girl7_2,郁竹
Character/girl8_0,少女
Character/girl8,魏菊
Character/girl8_1,魏菊
Character/girl9,上官萤
Character/girl_group1,崆峒四姝
Character/trainee1,唐门弟子
Character/trainee2,唐门弟子
Character/trainee3,唐门弟子
Character/trainee4,唐门弟子
Character/trainee5,唐门弟子
Character/trainee6,唐门弟子
Character/trainee7,唐门弟子
Character/trainee8,唐门弟子
Character/trainee9,唐门弟子
Character/trainee010,唐门弟子
Character/trainee011,唐门弟子
Character/trainee012,唐门弟子
Character/trainee020,唐门弟子
Character/trainee021,唐门弟子
Character/trainee022,唐门弟子
Character/trainee023,唐门弟子
Character/trainee024,唐门弟子
Character/trainee030,唐门弟子
Character/trainees,唐门众弟子
Character/trainee101,南宫家丁
Character/trainee102,南宫家丁
Character/trainee103,南宫家丁
Character/trainee104,南宫家丁
Character/trainee111,沧帮弟子
Character/trainee112,沧帮弟子
Character/trainee113,沧帮弟子
Character/trainee121,泥教弟子
Character/trainee122,泥教弟子
Character/trainee201,飞天弟子
Character/trainee202,飞天弟子
Character/trainee203,飞天弟子
Character/trainee204,飞天弟子
Character/trainee211,铁拳弟子
Character/trainee212,铁拳弟子
Character/trainee213,铁拳弟子
Character/trainee214,铁拳弟子
Character/trainee215,铁拳弟子
Character/trainee215_1,铁拳弟子
Character/trainee221,夺魄弟子
Character/trainee222,夺魄弟子
Character/trainee223,夺魄弟子
Character/trainee224,夺魄弟子
Character/trainee231,玄功弟子
Character/trainee232,玄功弟子
Character/trainee233,玄功弟子
Character/trainee234,玄功弟子
Character/trainee301,点苍弟子
Character/trainee302,点苍弟子
Character/trainee303,点苍弟子
Character/trainee304,点苍弟子
Character/trainee305,点苍弟子
Character/trainee311,青城弟子
Character/trainee312,青城弟子
Character/trainee313,青城弟子
Character/trainee314,青城弟子
Character/trainee315,青城弟子
Character/trainee316,青城弟子
Character/trainee317,青城弟子
Character/trainee321,峨嵋弟子
Character/trainee322,峨嵋弟子
Character/trainee323,峨嵋弟子
Character/trainee323_1,峨嵋弟子
Character/trainee324,峨嵋弟子
Character/trainee331,嵩山弟子
Character/trainee332,嵩山弟子
Character/trainee333,嵩山弟子
Character/trainee334,嵩山弟子
Character/trainee335,嵩山弟子
Character/trainee335_1,嵩山弟子
Character/trainee341,全真弟子
Character/trainee342,全真弟子
Character/trainee343,全真弟子
Character/trainee344,全真弟子
Character/trainee345,全真弟子
Character/trainee345_1,全真弟子
Character/trainee351,铜人
Character/trainee352,铜人
Character/trainee353,铜人
Character/trainee361,岭南弟子
Character/trainee362,岭南弟子
Character/trainee363,岭南弟子
Character/trainee371,岭南女弟子
Character/trainee401,点苍女弟子
Character/trainee402,点苍女弟子
Character/trainee421,峨嵋女弟子
Character/trainee422,峨嵋女弟子
Character/trainee491,锦香弟子
Character/trainee492,锦香弟子
Character/trainee493,锦香弟子
Character/trainee494,锦香弟子
Character/trainee495,锦香弟子
Character/trainee496,锦香弟子
Character/trainee_girl1,唐门女弟子
Character/trainee_girl2,唐门女弟子
Character/trainee_girl3,唐门女弟子
Character/trainee_girl4,唐门女弟子
Character/trainee_girl5,唐门女弟子
Character/trainee_girl6,唐门女弟子
Character/trainee_girl7,唐门女弟子
Character/trainee_girl8,唐门女弟子
Character/trainee_girl9,唐门女弟子
Character/trainee_girl10,唐门女弟子
Character/big_trainee_1,唐门弟子
Character/big_trainee_2,唐大鲸
Character/big_shock1,许大鲸
Character/big_trainee_girl_1,唐娇娇
Character/dio1,狄傲
Character/ghost1,鬼卒
Character/ghost2,鬼卒
Character/ghost3,鬼卒
Character/monk1,老和尚
Character/monk2,老和尚
Character/daoshi311,青城长老
Character/daoshi312,青城长老
Character/daoshi313,青城长老
Character/daoshi341,全真长老
Character/lee1,李大夫
Character/chao1,何大妈
Character/waiter1,店小二
Character/waiter2,店小二
Character/waiter3,店小二
Character/beggar1,乞丐
Character/beggar2,乞丐
Character/beggar3,乞丐
Character/beggar4,乞丐
Character/beggar5,乞丐
Character/oldbeggar1,老乞丐
Character/oldbeggar2,老乞丐
Character/ranger1,路人侠
Character/ranger2,路人侠
Character/ranger3,路人侠
Character/ranger4,公子侠
Character/ranger5,路人侠
Character/ranger_group,武林盟群侠
Character/ranger_girl1,女侠
Character/mask1,蒙面人
Character/mask2,蒙面人
Character/mask3,蒙面人
Character/badguy1,歹人
Character/badguy2,歹人
Character/badguy3,歹人
Character/bandit1,山贼
Character/bandit2,山贼
Character/bandit3,山贼
Character/bandit4,山贼
Character/bandit5,山贼
Character/snake1,蛇
Character/stranger1,路人
Character/stranger2,路人
Character/stranger3,路人
Character/stone_trainee_1,飞石帮
Character/stone_trainee_2,飞石帮
Character/stone_trainee_3,飞石帮
Character/stone_trainee_4,飞石帮
Character/stone_trainees,飞石帮众
Character/showgirl1,女乐
Character/guest1,宾客
Character/scholar1,书生
Character/scholar2,书生
Character/student1,童生
Character/student2,童生
Character/student3,童生
Character/doctor1,大夫
Character/pirate1,海盗
Character/pirate2,海盗
Character/pirate3,海盗
Character/soldier1,官兵
Character/soldier2,官兵
Character/soldier3,官兵
Character/soldier31,老将军
Character/guard1,捕快
Character/judgment1,通判
Character/magistrate1,知县
Character/soldier21,金士兵
Character/soldier22,金士兵
Character/soldier23,金士兵
Character/soldier41,蒙古兵
Character/soldier42,蒙古兵
Character/soldier51,蒙古摔角手
Character/soldier61,西夏士兵
Character/soldier62,西夏士兵
Character/soldier63,西夏士兵
Character/soldier71,大理士兵
Character/soldier72,大理士兵
Character/soldier73,大理士兵
Character/soldier81,吐蕃士兵
Character/soldier82,吐蕃士兵
Character/soldier83,吐蕃士兵
Character/blacksmith1,铁匠
Character/blacksmith2,铁匠
Character/blacksmith3,铁匠
Character/master99,绝世高手
Character/elder1,老人
Character/elder101,南宫老人
Character/women411,南宫妇人
Character/retainer1,家丁
Character/retainer2,家丁
Character/retainer3,家丁
Character/women1,妇人
Character/women2,妇人
Character/women3,妇人
Character/women4,妇人
Character/female1,女子
Character/female2,女子
Character/female3,女子
Character/aunt1,大妈
Character/aunt2,大妈
Character/aunt3,大妈
Character/woodcutter1,樵夫
Character/lady1,店家娘子
Character/fairy1,仙姑
Character/shopman1,掌柜
Character/sir1,先生
Character/merchant1,商人
Character/hero1,少侠
Character/hero2,少侠
Character/artist1,武师
Character/artist2,武师
Character/artists,武师众
Character/child_girl1,女童
Character/child_girl2,女童
Character/child_boy1,男童
Character/child_boy2,男童
Character/boy1,少年
Character/people1,众人
Character/sedan_talker_1,轿中人
Character/mom1,赵活的娘
Character/mega_player,百万赵活
Character/tank1,虎战车
Character/firebird1,火闪电
Character/dog1,狗
Character/chicken1,鸡
Character/chicken2,鸡
Character/chicken3,鸡
Character/monkey1,猴子
Character/horse1,马
Character/parrot1,鹦鹉
Character/pig1,野猪
Character/wolf1,狼
Character/cow_man_1,牛头
Character/horse_man_1,马面
Character/echo,回音
