CharacterTitle/brother1,飞侠
CharacterTitle/brother1_2,飞侠
CharacterTitle/brother2,二师兄
CharacterTitle/brother3,三师兄
CharacterTitle/brother4,四师兄
CharacterTitle/master,唐门掌门
CharacterTitle/sister1,小师妹
CharacterTitle/special2,前武林盟主
CharacterTitle/special3,苍松剑客
CharacterTitle/special4,狂犬
CharacterTitle/special6,鹰人
CharacterTitle/special7,飞石帮主
CharacterTitle/girl1,杏花仙
CharacterTitle/girl2,点苍明珠
CharacterTitle/girl4,
CharacterTitle/girl5,飞天嫡传女弟子
CharacterTitle/girl6,夺魄幽兰
CharacterTitle/girl7,裂骨魔
CharacterTitle/girl7_2,裂骨魔
CharacterTitle/girl8,玄功掌门
CharacterTitle/girl9,上官千金
CharacterTitle/special101,南宫家主
CharacterTitle/special102,
CharacterTitle/special103,
CharacterTitle/special401,
CharacterTitle/special404,
CharacterTitle/special405,
CharacterTitle/special201,青城派掌门
CharacterTitle/special206,
CharacterTitle/special800,
CharacterTitle/special809,
CharacterTitle/special817,大宋皇帝
CharacterTitle/special819,大金皇帝
CharacterTitle/special825,
CharacterTitle/special836,宁阳郡主
CharacterTitle/special999,缟衣剑少
CharacterTitle/player,{title}
