CombatCharacter/Name/player,赵活
CombatCharacter/Name/0000,山贼
CombatCharacter/Name/badguy1,阎关三煞
CombatCharacter/Name/ranger1,路人侠
CombatCharacter/Name/ranger2,路人侠
CombatCharacter/Name/ranger4,公子侠
CombatCharacter/Name/big_trainee1,唐大鲸
CombatCharacter/Name/big_trainee_girl_1,唐娇娇
CombatCharacter/Name/trainee1,唐门弟子
CombatCharacter/Name/brother1,唐布衣
CombatCharacter/Name/brother2,唐铮
CombatCharacter/Name/brother3,唐升
CombatCharacter/Name/brother4,唐惟元
CombatCharacter/Name/sister1,唐默铃
CombatCharacter/Name/master,唐中翎
CombatCharacter/Name/mask1,蒙面人
CombatCharacter/Name/special1,刘颚
CombatCharacter/Name/special4,樊啸天
CombatCharacter/Name/special6,万里鹏程
CombatCharacter/Name/special2_1,？？？
CombatCharacter/Name/special2,龙渊
CombatCharacter/Name/special3,叶云舟
CombatCharacter/Name/special7,石公远
CombatCharacter/Name/waiter1,店小二
CombatCharacter/Name/trainee2_1,崆峒弟子
CombatCharacter/Name/ranger3_1,洛阳大侠
CombatCharacter/Name/bandit1,山贼
CombatCharacter/Name/stone1,飞石帮
CombatCharacter/Name/beggar1,丐帮弟子
CombatCharacter/Name/special101,南宫远
CombatCharacter/Name/special102,南宫深
CombatCharacter/Name/special103,南宫浅
CombatCharacter/Name/special801,谭霸刀
CombatCharacter/Name/special802,辛儒
CombatCharacter/Name/special201,邹博
CombatCharacter/Name/special203,听海生
CombatCharacter/Name/special204,火龙仙君
CombatCharacter/Name/special206,福韫
CombatCharacter/Name/special207,金乌上人
CombatCharacter/Name/special208,晁和
CombatCharacter/Name/special212,铁冠道人
CombatCharacter/Name/special212_1,无相祖师
CombatCharacter/Name/special401,王二壮
CombatCharacter/Name/special402,温夫人
CombatCharacter/Name/special405,申屠龙
CombatCharacter/Name/special407,上官隼
CombatCharacter/Name/special408,向无忧
CombatCharacter/Name/special808,解无尘
CombatCharacter/Name/special811,唐衫
CombatCharacter/Name/special813,画中仙
CombatCharacter/Name/special820,第三香
CombatCharacter/Name/special823,袁无宪
CombatCharacter/Name/special826,释明
CombatCharacter/Name/special828,余公子
CombatCharacter/Name/special829,南溪
CombatCharacter/Name/special832,唐芳
CombatCharacter/Name/special834,段智秀
CombatCharacter/Name/special835,南宮己
CombatCharacter/Name/scholar1,书生
CombatCharacter/Name/pirate1,海盗
CombatCharacter/Name/big_shock1,许大鲸
CombatCharacter/Name/special999_0,？？？
CombatCharacter/Name/special999,瑞笙
CombatCharacter/Name/trainee101,南宮家丁
CombatCharacter/Name/trainee121,泥教弟子
CombatCharacter/Name/trainee301,点苍弟子
CombatCharacter/Name/trainee311,青城弟子
CombatCharacter/Name/trainee331,嵩山弟子
CombatCharacter/Name/trainee341,全真弟子
CombatCharacter/Name/trainee201,飞天弟子
CombatCharacter/Name/trainee211,铁拳弟子
CombatCharacter/Name/trainee221,夺魄弟子
CombatCharacter/Name/trainee231,玄功弟子
CombatCharacter/Name/trainee321,峨嵋弟子
CombatCharacter/Name/trainee_group_211,崆峒战队
CombatCharacter/Name/trainee491,锦香弟子
CombatCharacter/Name/trainee_girl1,唐门女弟子
CombatCharacter/Name/daoshi341,全真长老
CombatCharacter/Name/dio1,狄傲
CombatCharacter/Name/girl4,龙湘
CombatCharacter/Name/girl5_3,女飞贼
CombatCharacter/Name/girl5,虞小梅
CombatCharacter/Name/girl6,夏侯兰
CombatCharacter/Name/girl7,郁竹
CombatCharacter/Name/girl9,上官萤
CombatCharacter/Name/hero1,江湖少侠
CombatCharacter/Name/ranger_girl1,江湖女侠
CombatCharacter/Name/ranger_group,武林盟群侠
CombatCharacter/Name/blacksmith1,铁匠
CombatCharacter/Name/fairy1,仙姑
CombatCharacter/Name/ghost1,鬼卒
CombatCharacter/Name/artist1,拳师
CombatCharacter/Name/sir1,先生
CombatCharacter/Name/soldier1,官兵
CombatCharacter/Name/dog1,狗
CombatCharacter/Name/pig1,野猪
CombatCharacter/Name/snake1,蛇
CombatCharacter/Name/wolf1,狼
CombatCharacter/Name/cow_horse,牛头马面
CombatCharacter/Title/brother3,三师兄
CombatCharacter/Title/0000,
CombatCharacter/Title/badguy1,
CombatCharacter/Title/ranger1,
CombatCharacter/Title/big_trainee1,
CombatCharacter/Title/trainee1,
CombatCharacter/Title/brother1,飞侠
CombatCharacter/Title/brother2,二师兄
CombatCharacter/Title/brother3,三师兄
CombatCharacter/Title/brother4,四师兄
CombatCharacter/Title/sister1,小师妹
CombatCharacter/Title/master,唐门掌门
CombatCharacter/Title/mask1,
CombatCharacter/Title/special4,狂犬
CombatCharacter/Title/special6,鹰人
CombatCharacter/Title/special7,飞石帮主
CombatCharacter/Title/special2,前武林盟主
CombatCharacter/Title/waiter1,千面人魔
CombatCharacter/Title/girl9,上官千金
