CombatSkill/Name/T001,唐门之力
CombatSkill/Desc/T001,唐门之力：敌人全数值-50%。我方命中率+80%，伤害减免+30%
CombatSkill/Name/A001,封印
CombatSkill/Desc/A001,封印：无法使用绝招。
CombatSkill/Name/A002,疯狂攻击
CombatSkill/Desc/A002,疯狂攻击：只会使用捅人。
CombatSkill/Name/A003,爆气
CombatSkill/Desc/A003,爆气
CombatSkill/Name/A004,单手
CombatSkill/Desc/A004,单手：对方单手跟你过招，单数回合不行动。
CombatSkill/Name/A005,乱丢钱
CombatSkill/Desc/A005,乱丢钱：受到物理攻击时大师兄会掷出铜钱。
CombatSkill/Name/A006,揍狗拳
CombatSkill/Desc/A006,揍狗拳：适合欺负弱者的乱战拳法，每回合揍扁一名伙伴，使其退场。
CombatSkill/Name/A007,鹰爪手
CombatSkill/Desc/A007,鹰爪手
CombatSkill/Name/A008,喂招
CombatSkill/Desc/A008,喂招：所有攻击伤害效果减半。
CombatSkill/Name/A009,傲慢
CombatSkill/Desc/A009,傲慢：所有伤害提升50%，受到伤害增加10%。
CombatSkill/Name/A010,忌惮
CombatSkill/Desc/A010,忌惮：担心动作太大会弄坏桌椅，不由得留手，所有伤害-30%。
CombatSkill/Name/A011,牵制
CombatSkill/Desc/A011,牵制：受到大师兄的牵制，只有单数回合能行动。
CombatSkill/Name/A012_1,唐门暗器Lv1
CombatSkill/Desc/A012_1,唐门暗器Lv1：提升1%暗器命中、1%暗器伤害、增加1个暗器骰子。
CombatSkill/Name/A012_2,唐门暗器Lv2
CombatSkill/Desc/A012_2,唐门暗器Lv2：提升2%暗器命中、3%暗器伤害、增加2个暗器骰子。
CombatSkill/Name/A012_3,唐门暗器Lv3
CombatSkill/Desc/A012_3,唐门暗器Lv3：提升4%暗器命中、5%暗器伤害、增加3个暗器骰子。
CombatSkill/Name/A012_4,唐门暗器Lv4
CombatSkill/Desc/A012_4,唐门暗器Lv4：提升6%暗器命中、6%暗器伤害、增加3个暗器骰子。
CombatSkill/Name/A012_5,唐门暗器Lv5
CombatSkill/Desc/A012_5,唐门暗器Lv5：提升8%暗器命中、8%暗器伤害、增加4个暗器骰子。
CombatSkill/Name/A012_6,唐门暗器Lv6
CombatSkill/Desc/A012_6,唐门暗器Lv6：提升10%暗器命中、10%暗器伤害、增加4个暗器骰子。
CombatSkill/Name/A012_7,唐门暗器Lv7
CombatSkill/Desc/A012_7,唐门暗器Lv7：提升12%暗器命中、12%暗器伤害、增加6个暗器骰子。
CombatSkill/Name/A012_8,唐门暗器Lv8
CombatSkill/Desc/A012_8,唐门暗器Lv8：提升14%暗器命中、14%暗器伤害、增加6个暗器骰子。
CombatSkill/Name/A012_9,唐门暗器Lv9
CombatSkill/Desc/A012_9,唐门暗器Lv9：提升16%暗器命中、16%暗器伤害、增加8个暗器骰子。
CombatSkill/Name/A013_1,唐门毒术Lv1
CombatSkill/Desc/A013_1,唐门毒术Lv1：提升2%毒药、麻痹累积值。
CombatSkill/Name/A013_2,唐门毒术Lv2
CombatSkill/Desc/A013_2,唐门毒术Lv2：提升5%毒药、麻痹累积值。
CombatSkill/Name/A013_3,唐门毒术Lv3
CombatSkill/Desc/A013_3,唐门毒术Lv3：提升8%毒药、麻痹累积值。
CombatSkill/Name/A013_4,唐门毒术Lv4
CombatSkill/Desc/A013_4,唐门毒术Lv4：提升10%毒药、麻痹累积值。
CombatSkill/Name/A013_5,唐门毒术Lv5
CombatSkill/Desc/A013_5,唐门毒术Lv5：提升12%毒药、麻痹累积值。
CombatSkill/Name/A013_6,唐门毒术Lv6
CombatSkill/Desc/A013_6,唐门毒术Lv6：提升15%毒药、麻痹累积值。
CombatSkill/Name/A013_7,唐门毒术Lv7
CombatSkill/Desc/A013_7,唐门毒术Lv7：提升17%毒药、麻痹累积值。
CombatSkill/Name/A013_8,唐门毒术Lv8
CombatSkill/Desc/A013_8,唐门毒术Lv8：提升20%毒药、麻痹累积值。
CombatSkill/Name/A013_9,唐门毒术Lv9
CombatSkill/Desc/A013_9,唐门毒术Lv9：提升23%毒药、麻痹累积值。
CombatSkill/Name/A014,君子风
CombatSkill/Desc/A014,君子风：修养、性情、处世三项皆为中庸时，最终伤害+20%，伤害减免+20%。
CombatSkill/Name/B001,愤怒
CombatSkill/Desc/B001,愤怒：伤害增加1.5倍，无法采取捅人以外的指令，且有50%机率落空。
CombatSkill/Name/B002,阻挡最后一击
CombatSkill/Desc/B002,阻挡最后一击
CombatSkill/Name/B003,超绝暴怒
CombatSkill/Desc/B003,超绝暴怒
CombatSkill/Name/B004,发在意先
CombatSkill/Desc/B004,武学中的至高境界，还未动念，已经出手。说穿了其实就是「还没想清楚就打人」的意思。绝对先制攻击。
CombatSkill/Name/B005,额外暗器
CombatSkill/Desc/B005,额外暗器：使用捅人或暗器动作时，将施展「暗器」
CombatSkill/Name/B006_1,强化防御(一)
CombatSkill/Desc/B006_1,强化防御(一)：伤害减免5%
CombatSkill/Name/B006_2,强化防御(二)
CombatSkill/Desc/B006_2,强化防御(二)：伤害减免10%
CombatSkill/Name/B006_3,强化防御(三)
CombatSkill/Desc/B006_3,强化防御(三)：伤害减免20%
CombatSkill/Name/B007_1,狂化Lv1
CombatSkill/Desc/B007_1,狂化Lv1：每回合伤害翻倍，被伤害亦翻倍。
CombatSkill/Name/B007_2,狂化Lv1
CombatSkill/Desc/B007_2,狂化Lv1：每回合伤害翻倍，被伤害亦翻倍。
CombatSkill/Name/B007_2,狂化Lv1
CombatSkill/Desc/B007_2,狂化Lv1：每回合伤害翻倍，被伤害亦翻倍。
CombatSkill/Name/B008,腾空
CombatSkill/Desc/B008,腾空：绝招变化为[追击]，消耗少量气，造成多段伤害。\n备揍变化为[收势]。
CombatSkill/Name/B0012_1,白猿身法Lv1
CombatSkill/Desc/B0012_1,白猿身法Lv1：根据轻功、拳掌的[2%]获得回避机率。
CombatSkill/Name/B0012_2,白猿身法Lv2
CombatSkill/Desc/B0012_2,白猿身法Lv2：根据轻功、拳掌的[4%]获得回避机率。
CombatSkill/Name/B0012_3,白猿身法Lv3
CombatSkill/Desc/B0012_3,白猿身法Lv3：根据轻功、拳掌的[6%]获得回避机率。
CombatSkill/Name/B0012_4,白猿身法Lv4
CombatSkill/Desc/B0012_4,白猿身法Lv4：根据轻功、拳掌的[8%]获得回避机率。
CombatSkill/Name/B0012_5,白猿身法Lv5
CombatSkill/Desc/B0012_5,白猿身法Lv5：根据轻功、拳掌的[10%]获得回避机率。
CombatSkill/Name/B0012_6,白猿身法Lv6
CombatSkill/Desc/B0012_6,白猿身法Lv6：根据轻功、拳掌的[12%]获得回避机率。
CombatSkill/Name/B0012_7,白猿身法Lv7
CombatSkill/Desc/B0012_7,白猿身法Lv7：根据轻功、拳掌的[14%]获得回避机率。
CombatSkill/Name/B0012_8,白猿身法Lv8
CombatSkill/Desc/B0012_8,白猿身法Lv8：根据轻功、拳掌的[16%]获得回避机率。
CombatSkill/Name/B0012_9,白猿身法Lv9
CombatSkill/Desc/B0012_9,白猿身法Lv9：根据轻功、拳掌的[18%]获得回避机率。
CombatSkill/Name/B0013_1,心剑Lv1
CombatSkill/Desc/B0013_1,心剑Lv1：根据刀剑[2%]提升拳掌。
CombatSkill/Name/B0013_2,心剑Lv2
CombatSkill/Desc/B0013_2,心剑Lv2：根据刀剑[4%]提升拳掌。
CombatSkill/Name/B0013_3,心剑Lv3
CombatSkill/Desc/B0013_3,心剑Lv3：根据刀剑[6%]提升拳掌。
CombatSkill/Name/B0013_4,心剑Lv4
CombatSkill/Desc/B0013_4,心剑Lv4：根据刀剑[8%]提升拳掌。
CombatSkill/Name/B0013_5,心剑Lv5
CombatSkill/Desc/B0013_5,心剑Lv5：根据刀剑[10%]提升拳掌。
CombatSkill/Name/B0013_6,心剑Lv6
CombatSkill/Desc/B0013_6,心剑Lv6：根据刀剑[12%]提升拳掌。
CombatSkill/Name/B0013_7,心剑Lv7
CombatSkill/Desc/B0013_7,心剑Lv7：根据刀剑[14%]提升拳掌。
CombatSkill/Name/B0013_8,心剑Lv8
CombatSkill/Desc/B0013_8,心剑Lv8：根据刀剑[16%]提升拳掌。
CombatSkill/Name/B0013_9,心剑Lv9
CombatSkill/Desc/B0013_9,心剑Lv9：根据刀剑[18%]提升拳掌。
CombatSkill/Name/B0014,峨嵋十九桩
CombatSkill/Desc/B0014,峨嵋十九桩：全属性根据形意拳精通数获得提升。
CombatSkill/Name/B017_1,千机百变Lv1
CombatSkill/Desc/B017_1,千机百变Lv1：根据暗器[2%]提升武器爆击骰。
CombatSkill/Name/B017_2,千机百变Lv2
CombatSkill/Desc/B017_2,千机百变Lv2：根据暗器[4%]提升武器爆击骰。
CombatSkill/Name/B017_3,千机百变Lv3
CombatSkill/Desc/B017_3,千机百变Lv3：根据暗器[6%]提升武器爆击骰。
CombatSkill/Name/B017_4,千机百变Lv4
CombatSkill/Desc/B017_4,千机百变Lv4：根据暗器[8%]提升武器爆击骰。
CombatSkill/Name/B017_5,千机百变Lv5
CombatSkill/Desc/B017_5,千机百变Lv5：根据暗器[10%]提升武器爆击骰。
CombatSkill/Name/B017_6,千机百变Lv6
CombatSkill/Desc/B017_6,千机百变Lv6：根据暗器[12%]提升武器爆击骰。
CombatSkill/Name/B017_7,千机百变Lv7
CombatSkill/Desc/B017_7,千机百变Lv7：根据暗器[14%]提升武器爆击骰。
CombatSkill/Name/B017_8,千机百变Lv8
CombatSkill/Desc/B017_8,千机百变Lv8：根据暗器[16%]提升武器爆击骰。
CombatSkill/Name/B017_9,千机百变Lv9
CombatSkill/Desc/B017_9,千机百变Lv9：根据暗器[18%]提升武器爆击骰。
CombatSkill/Name/B0019,肩甲
CombatSkill/Desc/B0019,肩甲：防御+20%、轻功-10%。
CombatSkill/Name/B0020,豪华肩甲
CombatSkill/Desc/B0020,豪华肩甲：防御+40%、轻功-20%。
CombatSkill/Name/B0021,终极肩甲
CombatSkill/Desc/B0021,终极肩甲：防御+60%、轻功-30%、采取攻击行动时，自身受到中幅伤害。
CombatSkill/Name/B0025,高手风范
CombatSkill/Desc/B0025,高手风范：根据修养提升每回合的气力。
CombatSkill/Name/B0026,做人没有下限
CombatSkill/Desc/B0026,做人没有下限：道德越低，爆击骰越多。
CombatSkill/Name/B0027_1,化劲Lv1
CombatSkill/Desc/B0027_1,化劲Lv1：根据拳掌、轻功的[2%]提升防御。
CombatSkill/Name/B0027_2,化劲Lv2
CombatSkill/Desc/B0027_2,化劲Lv2：根据拳掌、轻功的[4%]提升防御。
CombatSkill/Name/B0027_3,化劲Lv3
CombatSkill/Desc/B0027_3,化劲Lv3：根据拳掌、轻功的[6%]提升防御。
CombatSkill/Name/B0027_4,化劲Lv4
CombatSkill/Desc/B0027_4,化劲Lv4：根据拳掌、轻功的[8%]提升防御。
CombatSkill/Name/B0027_5,化劲Lv5
CombatSkill/Desc/B0027_5,化劲Lv5：根据拳掌、轻功的[10%]提升防御。
CombatSkill/Name/B0027_6,化劲Lv6
CombatSkill/Desc/B0027_6,化劲Lv6：根据拳掌、轻功的[12%]提升防御。
CombatSkill/Name/B0027_7,化劲Lv7
CombatSkill/Desc/B0027_7,化劲Lv7：根据拳掌、轻功的[14%]提升防御。
CombatSkill/Name/B0027_8,化劲Lv8
CombatSkill/Desc/B0027_8,化劲Lv8：根据拳掌、轻功的[16%]提升防御。
CombatSkill/Name/B0027_9,化劲Lv9
CombatSkill/Desc/B0027_9,化劲Lv9：根据拳掌、轻功的[18%]提升防御。
CombatSkill/Name/B0035_1,龙渊七绝Lv1
CombatSkill/Desc/B0035_1,龙渊七绝Lv1：根据六维的[2%]提升所有伤害。
CombatSkill/Name/B0035_2,龙渊七绝Lv2
CombatSkill/Desc/B0035_2,龙渊七绝Lv2：根据六维的[4%]提升所有伤害。
CombatSkill/Name/B0035_3,龙渊七绝Lv3
CombatSkill/Desc/B0035_3,龙渊七绝Lv3：根据六维的[6%]提升所有伤害。
CombatSkill/Name/B0035_4,龙渊七绝Lv4
CombatSkill/Desc/B0035_4,龙渊七绝Lv4：根据六维的[8%]提升所有伤害。
CombatSkill/Name/B0035_5,龙渊七绝Lv5
CombatSkill/Desc/B0035_5,龙渊七绝Lv5：根据六维的[10%]提升所有伤害。
CombatSkill/Name/B0035_6,龙渊七绝Lv6
CombatSkill/Desc/B0035_6,龙渊七绝Lv6：根据六维的[12%]提升所有伤害。
CombatSkill/Name/B0035_7,龙渊七绝Lv7
CombatSkill/Desc/B0035_7,龙渊七绝Lv7：根据六维的[14%]提升所有伤害。
CombatSkill/Name/B0036_1,借势Lv1
CombatSkill/Desc/B0036_1,借势Lv1：回避成功时，气力+2。
CombatSkill/Name/B0036_2,借势Lv2
CombatSkill/Desc/B0036_2,借势Lv2：回避成功时，气力+3。
CombatSkill/Name/B0036_3,借势Lv3
CombatSkill/Desc/B0036_3,借势Lv3：回避成功时，气力+4。
CombatSkill/Name/B0036_4,借势Lv4
CombatSkill/Desc/B0036_4,借势Lv4：回避成功时，气力+5。
CombatSkill/Name/B0036_5,借势Lv5
CombatSkill/Desc/B0036_5,借势Lv5：回避成功时，气力+6。
CombatSkill/Name/B111_1,金钟罩Lv1
CombatSkill/Desc/B111_1,金钟罩Lv1：备揍指令变化为「金钟罩」，使用后获得「护体气罩Lv1」。
CombatSkill/Name/B111_2,金钟罩Lv2
CombatSkill/Desc/B111_2,金钟罩Lv2：备揍指令变化为「金钟罩」，使用后获得「护体气罩Lv2」。
CombatSkill/Name/B111_3,金钟罩Lv3
CombatSkill/Desc/B111_3,金钟罩Lv3：备揍指令变化为「金钟罩」，使用后获得「护体气罩Lv3」。
CombatSkill/Name/B111_4,金钟罩Lv4
CombatSkill/Desc/B111_4,金钟罩Lv4：备揍指令变化为「金钟罩」，使用后获得「护体气罩Lv4」。
CombatSkill/Name/B111_5,金钟罩Lv5
CombatSkill/Desc/B111_5,金钟罩Lv5：备揍指令变化为「金钟罩」，使用后获得「护体气罩Lv5」。
CombatSkill/Name/B112_1,护体气罩Lv1
CombatSkill/Desc/B112_1,护体气罩Lv1：根据[内力50%]提升防御，并反弹来自敌人[捅人]、[绝招]的75%伤害。
CombatSkill/Name/B112_2,护体气罩Lv2
CombatSkill/Desc/B112_2,护体气罩Lv2：根据[内力50%]提升防御，并反弹来自敌人[捅人]、[绝招]的80%伤害。
CombatSkill/Name/B112_3,护体气罩Lv3
CombatSkill/Desc/B112_3,护体气罩Lv3：根据[内力50%]提升防御，并反弹来自敌人[捅人]、[绝招]的85%伤害。
CombatSkill/Name/B112_4,护体气罩Lv4
CombatSkill/Desc/B112_4,护体气罩Lv4：根据[内力50%]提升防御，并反弹来自敌人[捅人]、[绝招]的90%伤害。
CombatSkill/Name/B112_5,护体气罩Lv5
CombatSkill/Desc/B112_5,护体气罩Lv5：根据[内力50%]提升防御，并反弹来自敌人[捅人]、[绝招]的100%伤害。
CombatSkill/Name/B114_1,金刚腿Lv1
CombatSkill/Desc/B114_1,金刚腿Lv1：根据[拳掌2%]提升轻功、防御。
CombatSkill/Name/B114_2,金刚腿Lv2
CombatSkill/Desc/B114_2,金刚腿Lv2：根据[拳掌4%]提升轻功、防御。
CombatSkill/Name/B114_3,金刚腿Lv3
CombatSkill/Desc/B114_3,金刚腿Lv3：根据[拳掌6%]提升轻功、防御。
CombatSkill/Name/B114_4,金刚腿Lv4
CombatSkill/Desc/B114_4,金刚腿Lv4：根据[拳掌8%]提升轻功、防御。
CombatSkill/Name/B114_5,金刚腿Lv5
CombatSkill/Desc/B114_5,金刚腿Lv5：根据[拳掌10%]提升轻功、防御。
CombatSkill/Name/B114_6,金刚腿Lv6
CombatSkill/Desc/B114_6,金刚腿Lv6：根据[拳掌12%]提升轻功、防御。
CombatSkill/Name/B114_7,金刚腿Lv7
CombatSkill/Desc/B114_7,金刚腿Lv7：根据[拳掌14%]提升轻功、防御。
CombatSkill/Name/B114_8,金刚腿Lv8
CombatSkill/Desc/B114_8,金刚腿Lv8：根据[拳掌16%]提升轻功、防御。
CombatSkill/Name/B114_9,金刚腿Lv9
CombatSkill/Desc/B114_9,金刚腿Lv9：根据[拳掌18%]提升轻功、防御。
CombatSkill/Name/B115_1,铁布衫Lv1
CombatSkill/Desc/B115_1,铁布衫Lv1：根据[体力2%]提升防御。
CombatSkill/Name/B115_2,铁布衫Lv2
CombatSkill/Desc/B115_2,铁布衫Lv2：根据[体力4%]提升防御。
CombatSkill/Name/B115_3,铁布衫Lv3
CombatSkill/Desc/B115_3,铁布衫Lv3：根据[体力6%]提升防御。
CombatSkill/Name/B115_4,铁布衫Lv4
CombatSkill/Desc/B115_4,铁布衫Lv4：根据[体力8%]提升防御。
CombatSkill/Name/B115_5,铁布衫Lv5
CombatSkill/Desc/B115_5,铁布衫Lv5：根据[体力10%]提升防御。
CombatSkill/Name/B115_6,铁布衫Lv6
CombatSkill/Desc/B115_6,铁布衫Lv6：根据[体力12%]提升防御。
CombatSkill/Name/B115_7,铁布衫Lv7
CombatSkill/Desc/B115_7,铁布衫Lv7：根据[体力14%]提升防御。
CombatSkill/Name/B115_8,铁布衫Lv8
CombatSkill/Desc/B115_8,铁布衫Lv8：根据[体力16%]提升防御。
CombatSkill/Name/B115_9,铁布衫Lv9
CombatSkill/Desc/B115_9,铁布衫Lv9：根据[体力18%]提升防御。
CombatSkill/Name/B211_1,核枣钉Lv1
CombatSkill/Desc/B211_1,核枣钉Lv1：嘴攻指令变化为「核枣钉」，发动具有暗器威力的嘴攻。
CombatSkill/Name/B212,核枣钉
CombatSkill/Desc/B212,核枣钉：回合倒数结束后，对敌方造成大量伤害。
CombatSkill/Name/B221_1,粹毒Lv1
CombatSkill/Desc/B221_1,粹毒Lv1：暗器累积值提升20%。
CombatSkill/Name/B231_1,石灰粉
CombatSkill/Desc/B231_1,石灰粉：防御指令变化为「石灰粉」，发动后造成敌人「盲目」异常状态。
CombatSkill/Name/B232_1,盲目
CombatSkill/Desc/B232_1,盲目：所有主动攻击的行动都有额外50%机率导致落空。
CombatSkill/Name/B300_1,点苍快剑Lv1
CombatSkill/Desc/B300_1,点苍快剑Lv1：根据[轻功2%]提升[刀剑]。
CombatSkill/Name/B300_2,点苍快剑Lv2
CombatSkill/Desc/B300_2,点苍快剑Lv2：根据[轻功4%]提升[刀剑]。
CombatSkill/Name/B300_3,点苍快剑Lv3
CombatSkill/Desc/B300_3,点苍快剑Lv3：根据[轻功6%]提升[刀剑]。
CombatSkill/Name/B300_4,点苍快剑Lv4
CombatSkill/Desc/B300_4,点苍快剑Lv4：根据[轻功8%]提升[刀剑]。
CombatSkill/Name/B300_5,点苍快剑Lv5
CombatSkill/Desc/B300_5,点苍快剑Lv5：根据[轻功10%]提升[刀剑]。
CombatSkill/Name/B300_6,点苍快剑Lv6
CombatSkill/Desc/B300_6,点苍快剑Lv6：根据[轻功12%]提升[刀剑]。
CombatSkill/Name/B300_7,点苍快剑Lv7
CombatSkill/Desc/B300_7,点苍快剑Lv7：根据[轻功14%]提升[刀剑]。
CombatSkill/Name/B300_8,点苍快剑Lv8
CombatSkill/Desc/B300_8,点苍快剑Lv8：根据[轻功16%]提升[刀剑]。
CombatSkill/Name/B300_9,点苍快剑Lv9
CombatSkill/Desc/B300_9,点苍快剑Lv9：根据[轻功18%]提升[刀剑]。
CombatSkill/Name/B301_1,提气轻身Lv1
CombatSkill/Desc/B301_1,提气轻身Lv1：根据[内力2%]提升[轻功]。
CombatSkill/Name/B301_2,提气轻身Lv2
CombatSkill/Desc/B301_2,提气轻身Lv2：根据[内力4%]提升[轻功]。
CombatSkill/Name/B301_3,提气轻身Lv3
CombatSkill/Desc/B301_3,提气轻身Lv3：根据[内力6%]提升[轻功]。
CombatSkill/Name/B301_4,提气轻身Lv4
CombatSkill/Desc/B301_4,提气轻身Lv4：根据[内力8%]提升[轻功]。
CombatSkill/Name/B301_5,提气轻身Lv5
CombatSkill/Desc/B301_5,提气轻身Lv5：根据[内力10%]提升[轻功]。
CombatSkill/Name/B301_6,提气轻身Lv6
CombatSkill/Desc/B301_6,提气轻身Lv6：根据[内力12%]提升[轻功]。
CombatSkill/Name/B301_7,提气轻身Lv7
CombatSkill/Desc/B301_7,提气轻身Lv7：根据[内力14%]提升[轻功]。
CombatSkill/Name/B301_8,提气轻身Lv8
CombatSkill/Desc/B301_8,提气轻身Lv8：根据[内力16%]提升[轻功]。
CombatSkill/Name/B301_9,提气轻身Lv9
CombatSkill/Desc/B301_9,提气轻身Lv9：根据[内力18%]提升[轻功]。
CombatSkill/Name/B302_1,千里不留行
CombatSkill/Desc/B302_1,千里不留行：根据刀剑50%提升轻功、内力、初始气。
CombatSkill/Name/B303_1,行云流水
CombatSkill/Desc/B303_1,行云流水：捅人指令变化为[追击]，追加额外[轻功%]的伤害。
CombatSkill/Name/B4018_1,败絮功
CombatSkill/Desc/B4018_1,败絮功：境界一以下，受到攻击时消费少量气，减轻10%伤害。\n境界一以上，受到绝招攻击时自动消费所有气，回避攻击，并造成敌人失衡。\n身有[失衡]异常时失效。
CombatSkill/Name/B4100,暗箭伤人
CombatSkill/Desc/B4100,暗箭伤人：不讲武德，决斗开始时，忽然发射暗器，造成伤害，并有机率激怒对手。
CombatSkill/Name/B4103,虚张声势
CombatSkill/Desc/B4103,虚张声势：决斗开始时，气-10，嘴力提升100%。
CombatSkill/Name/B4104,毅力
CombatSkill/Desc/B4104,毅力：受到致命攻击时，以10%血幸存。
CombatSkill/Name/B4108_1,提防暗器Lv1
CombatSkill/Desc/B4108_1,提防暗器Lv1：有60%机率可抵挡暗器攻击，成功发动后即失效。
CombatSkill/Name/B4108_2,提防暗器Lv2
CombatSkill/Desc/B4108_2,提防暗器Lv2：有70%机率可抵挡暗器攻击，成功发动后即失效。
CombatSkill/Name/B4108_3,提防暗器Lv3
CombatSkill/Desc/B4108_3,提防暗器Lv3：有80%机率可抵挡暗器攻击，成功发动后即失效。
CombatSkill/Name/B4109,迎难而上
CombatSkill/Desc/B4109,迎难而上：捅人不会被暗器阻止行动。
CombatSkill/Name/D101,中毒Lv1
CombatSkill/Desc/D101,中毒Lv1：每回合损耗5%的血。
CombatSkill/Name/D102,中毒Lv2
CombatSkill/Desc/D102,中毒Lv2：每回合损耗10%的血及3%的气。
CombatSkill/Name/D103,中毒Lv3
CombatSkill/Desc/D103,中毒Lv3：回合结束后损耗50%的血
CombatSkill/Name/D201,麻痹Lv1
CombatSkill/Desc/D201,麻痹Lv1：嘴力、轻功-10%，20%机率行动失败。
CombatSkill/Name/D202,麻痹Lv2
CombatSkill/Desc/D202,麻痹Lv2：嘴力、轻功、攻击、防御-15%，40%机率行动失败。
CombatSkill/Name/D203,麻痹Lv3
CombatSkill/Desc/D203,麻痹Lv3：100%机率行动失败，受到伤害为3倍。
CombatSkill/Name/D003,破气
CombatSkill/Desc/D003,破气
CombatSkill/Name/D004,幻觉
CombatSkill/Name/D004,幻觉
CombatSkill/Name/D005,胆怯
CombatSkill/Desc/D005,胆怯：每回合无法自然回复气力。
CombatSkill/Name/D005_1,胆怯
CombatSkill/Desc/D005_1,胆怯：每回合无法自然回复气力。
CombatSkill/Name/D006,醍醐软筋散
CombatSkill/Desc/D006,醍醐软筋散：无色无味的奇毒，根据麻痹累积值降低命中率。
CombatSkill/Name/D007,彼岸仙香
CombatSkill/Desc/D007,彼岸仙香：无色无味的奇毒，使中毒者产生极为逼真的幻觉，命中率-30%。
CombatSkill/Name/D008,白日梦
CombatSkill/Desc/D008,白日梦：无色无味的奇毒，使中毒者意识偶尔会飞走而本人完全没有自觉。30%机率无法行动。
CombatSkill/Name/D009,凄聋蛛
CombatSkill/Desc/D009,凄聋蛛：唐门奇毒，中者双耳溢血即聋，发出凄厉惨叫，若不及时运气镇毒，后果堪忧。下一回合生命骤降40%，并附加「胆怯」异常。
CombatSkill/Name/D010,鄙夷
CombatSkill/Desc/D010,鄙夷：对弱者没有丝毫兴趣，若非暴怒状态将不会主动攻击你。
CombatSkill/Name/D011,惊吓
CombatSkill/Desc/D011,惊吓
CombatSkill/Name/D012,震撼
CombatSkill/Desc/D012,震撼：防御-50%，受到伤害1.5倍。
CombatSkill/Name/D014,定身
CombatSkill/Desc/D014,定身：彻底丧失行动能力，受到伤害大幅上升。
CombatSkill/Name/D015,点穴
CombatSkill/Desc/D015,点穴：难以达成但是非常强力的异常状态，造成无法行动。
CombatSkill/Name/D016,扰乱
CombatSkill/Desc/D016,扰乱：回合内无法行动。
CombatSkill/Name/D017,失衡
CombatSkill/Desc/D017,失衡：轻功-50%。
CombatSkill/Name/D019,虚脱
CombatSkill/Desc/D019,虚脱：每回合伤害-90%。
CombatSkill/Name/D020,盲目
CombatSkill/Desc/D020,盲目：所有攻击行动都有30%机率落空。
CombatSkill/Name/D021,投鼠忌器
CombatSkill/Desc/D021,投鼠忌器：心有忌惮，不敢反抗。
CombatSkill/Name/D022,投鼠忌器
CombatSkill/Desc/D022,投鼠忌器：二师兄唯恐损害丹房中的名药药物，不敢全力以赴。[绝招封印]
CombatSkill/Name/D023,油尽灯枯
CombatSkill/Desc/D023,油尽灯枯：强自提气硬抗，命不久矣。[绝招封印]
CombatSkill/Name/D024,破功
CombatSkill/Desc/D024,破功：轻功-50%。
CombatSkill/Name/D025,腹痛
CombatSkill/Desc/D025,腹痛：一动真气，就会催化药力。屁股感到一阵不寻常的异响，状况即将一发不可收拾！高机率造成行动失败。
CombatSkill/Name/D026,留力不发
CombatSkill/Desc/D026,留力不发：内力减半，不能使用绝招。
CombatSkill/Name/D027,怠惰
CombatSkill/Desc/D027,怠惰：成为掌派人之后妄尊自大，沉迷逸乐，被绝招攻击时气大幅损伤，并且追加[震撼]。
CombatSkill/Name/D301_1,内伤Lv1
CombatSkill/Desc/D301_1,内伤Lv1：消费气同时也会损伤同额的血。
CombatSkill/Name/D301_2,内伤Lv2
CombatSkill/Desc/D301_2,内伤Lv2：消费气同时也会损伤同额的血。
CombatSkill/Name/D301_3,内伤Lv3
CombatSkill/Desc/D301_3,内伤Lv3：消费气同时也会损伤同额的血。
CombatSkill/Name/D302,燃烧
CombatSkill/Desc/D302,燃烧：每回合损耗7%的血。
CombatSkill/Name/C001,唐门弟子
CombatSkill/Desc/C001,唐门弟子《唐门暗器总纲》：每次造成微幅伤害。
CombatSkill/Name/C002,唐门弟子
CombatSkill/Desc/C002,唐门弟子《唐门暗器总纲》：每次造成微幅伤害。
CombatSkill/Name/C003,唐门弟子
CombatSkill/Desc/C003,唐门弟子《唐门暗器总纲》：每次造成微幅伤害。
CombatSkill/Name/C004,唐大鲸
CombatSkill/Desc/C004,唐大鲸《蛮力拳》：每次造成中幅伤害，但有50%机率落空。
CombatSkill/Name/C004_2,唐大鲸
CombatSkill/Desc/C004_2,唐大鲸《蛮力拳》：每次造成大幅伤害，但有50%机率落空。
CombatSkill/Name/C005_1,唐默铃
CombatSkill/Desc/C005_1,唐默铃《极怒无定飞梭》：每次造成4次微幅伤害，伤害超过18时中断敌人行动。
CombatSkill/Name/C005_2,唐默铃
CombatSkill/Desc/C005_2,唐默铃《极怒无定飞梭》：每次造成10次微幅伤害，伤害超过40中断敌人行动。
CombatSkill/Name/C0004,唐布衣
CombatSkill/Desc/C0004,唐布衣
CombatSkill/Name/C0005,唐铮
CombatSkill/Desc/C0005,唐铮
CombatSkill/Name/C0006,唐升
CombatSkill/Desc/C0006,唐升
CombatSkill/Name/C006,龙渊
CombatSkill/Desc/C006,龙渊《龙渊七绝》：可抵挡敌方的绝招，当上述效果不发动时，每回合进行一次强力攻击。
CombatSkill/Name/C007,千面人魔
CombatSkill/Desc/C007,千面人魔《阴阳夺》：使敌人所有攻击都有50%机率落空，每回合有50%机率发动威力强大的攻击。
CombatSkill/Name/C008_1,二煞
CombatSkill/Desc/C008_1,二煞《罗汉拳》：30%机率造成微幅伤害。
CombatSkill/Name/C008_2,三煞
CombatSkill/Desc/C008_2,三煞《单鞭铁爪拳》：30%机率降低对方微幅气力
CombatSkill/Name/C009,唐升
CombatSkill/Desc/C009,唐升《袖里乾坤》：每回合发动1次中幅攻击，每6回合发动1次强力攻击。
CombatSkill/Name/C010,唐铮
CombatSkill/Desc/C010,唐铮：每6回合造成敌人毒巨量累积。
CombatSkill/Name/C011_1,唐布衣
CombatSkill/Desc/C011_1,唐布衣《金钱镖》：每回合造成小幅伤害并累积大量麻痹值，同时排除一名增援对手。
CombatSkill/Name/C012_1,辛儒
CombatSkill/Desc/C012_1,辛儒《唐门暗器总纲》：25%造成小幅伤害并打断敌人行动。
CombatSkill/Name/C013,唐门女弟子
CombatSkill/Desc/C013,唐门女弟子《唐门暗器总纲》：每次造成超幅伤害。
CombatSkill/Name/C014,唐升
CombatSkill/Desc/C014,唐升《袖里乾坤》：每回合发动1次中幅攻击，每6回合发动1次强力攻击。
CombatSkill/Name/C015,唐门女弟子
CombatSkill/Desc/C015,唐门女弟子《爱之力》：爱的力量，使情郎不分青红皂白，被打倒几次都可以再度站起。(复活3次)
CombatSkill/Name/C016,人多势众
CombatSkill/Desc/C016,人多势众：被击败时，换一个人来说服你。
CombatSkill/Name/C017_1,官差
CombatSkill/Desc/C017_1,官差《补快刀法》：每回合有1/2机率造成小幅伤害。
CombatSkill/Name/C017_2,官差
CombatSkill/Desc/C017_2,官差《补快刀法》：每回合有1/2机率造成小幅伤害。
CombatSkill/Name/C017_3,官差
CombatSkill/Desc/C017_3,官差《补快刀法》：每回合有1/2机率造成小幅伤害。
CombatSkill/Name/C018,官差
CombatSkill/Desc/C018,官差：被击败时，消灭一个官差并替补上阵。
CombatSkill/Name/C019,唐门女弟子
CombatSkill/Desc/C019,唐门女弟子《唐门暗器总纲》：每次造成大幅伤害。
CombatSkill/Name/C020,江湖拳师
CombatSkill/Desc/C020,江湖拳师《蛮力拳》：每次造成中幅伤害，但有50%机率落空。
CombatSkill/Name/C021,许大鲸
CombatSkill/Desc/C021,许大鲸《蛮力拳》：每次造成中幅伤害，但有50%机率落空。
CombatSkill/Name/C022,唐衫
CombatSkill/Desc/C022,唐衫《唐門暗器總綱》：每次造成大幅傷害。
CombatSkill/Name/C023,唐嬌嬌
CombatSkill/Desc/C023,唐嬌嬌《花拳戳眼功》：每回合造成5次小幅傷害，有機率造成[盲目]。
CombatSkill/Name/C024,唐芳
CombatSkill/Desc/C024,唐芳《毒经药典》：每回合为我方回复血、毒麻累积值；同时对敌方造成微幅伤害，累积中量血毒、麻毒。
CombatSkill/Name/C101,暗器
CombatSkill/Desc/C101,暗器：回合倒数结束后，对敌方造成微幅伤害。
CombatSkill/Name/C103,暗器
CombatSkill/Desc/C103,暗器：回合倒数结束后，对敌方造成微幅伤害。
CombatSkill/Name/C110,暗器
CombatSkill/Desc/C110,暗器：回合倒数结束后，对敌方造成大量伤害。
CombatSkill/Name/C150,唐门弟子
CombatSkill/Desc/C150,唐门弟子《唐门暗器总纲》：每次造成微幅伤害。
CombatSkill/Name/C151,唐门弟子
CombatSkill/Desc/C151,唐门弟子《唐门暗器总纲》：每次造成小幅伤害。
CombatSkill/Name/C152,唐门弟子
CombatSkill/Desc/C152,唐门弟子《唐门暗器总纲》：每次造成小幅伤害。
CombatSkill/Name/C153,唐门弟子
CombatSkill/Desc/C153,唐门弟子《唐门暗器总纲》：每次造成小幅伤害。
CombatSkill/Name/C154,唐门弟子
CombatSkill/Desc/C154,唐门弟子《唐门暗器总纲》：每次造成小幅伤害。
CombatSkill/Name/C155,唐门弟子
CombatSkill/Desc/C155,唐门弟子《唐门暗器总纲》：每次造成小幅伤害。
CombatSkill/Name/C160,唐门女弟子
CombatSkill/Desc/C160,唐门女弟子《唐门暗器总纲》：每次造成微幅伤害。
CombatSkill/Name/C161,唐门女弟子
CombatSkill/Desc/C161,唐门女弟子《唐门暗器总纲》：每次造成微幅伤害。
CombatSkill/Name/C162,唐门女弟子
CombatSkill/Desc/C162,唐门女弟子《唐门暗器总纲》：每次造成微幅伤害。
CombatSkill/Name/C163,唐门女弟子
CombatSkill/Desc/C163,唐门女弟子《唐门暗器总纲》：每次造成微幅伤害。
CombatSkill/Name/C170,唐门弟子
CombatSkill/Desc/C170,唐门弟子《唐门毒经》：每次造成微幅毒、麻累积值。
CombatSkill/Name/C171,唐门弟子
CombatSkill/Desc/C171,唐门弟子《唐门毒经》：每次造成微幅毒、麻累积值。
CombatSkill/Name/C172,唐门弟子
CombatSkill/Desc/C172,唐门弟子《唐门毒经》：每次造成微幅毒、麻累积值。
CombatSkill/Name/C173,唐门弟子
CombatSkill/Desc/C173,唐门弟子《唐门暗器总纲》：每次造成中幅伤害。
CombatSkill/Name/C174_1,唐门女弟子
CombatSkill/Desc/C174_1,唐门女弟子《惊吓反击》：蓦地受到惊吓，不假思索出手反击，造成大量伤害。
CombatSkill/Name/C174_2,唐门女弟子
CombatSkill/Desc/C174_2,唐门女弟子《惊吓反击》：蓦地受到惊吓，不假思索出手反击，造成大量伤害。
CombatSkill/Name/C175_1,唐门女弟子
CombatSkill/Desc/C175_1,唐门女弟子《唐门毒经》：每次造成微幅毒、麻累积值。
CombatSkill/Name/C175_2,唐门女弟子
CombatSkill/Desc/C175_2,唐门女弟子《唐门毒经》：每次造成微幅毒、麻累积值。
CombatSkill/Name/C201,青城弟子
CombatSkill/Desc/C201,青城弟子《拳法》：50%机率造成微幅伤害。
CombatSkill/Name/C202,点苍弟子
CombatSkill/Desc/C202,点苍弟子《剑法》：50%机率造成微幅伤害。
CombatSkill/Name/C203,峨嵋弟子
CombatSkill/Desc/C203,峨嵋弟子《飞踢》：50%机率造成微幅伤害。
CombatSkill/Name/C204,丐帮弟子
CombatSkill/Desc/C204,丐帮弟子《咒骂》：30%机率降低对方微幅气力
CombatSkill/Name/C205,飞石帮弟子
CombatSkill/Desc/C205,飞石帮弟子《咒骂》：30%机率降低对方微幅气力
CombatSkill/Name/C210,岭南大侠
CombatSkill/Desc/C210,岭南大侠：每回合发动1次中幅攻击，每5回合发动1次大幅攻击。
CombatSkill/Name/C211,襄阳大侠
CombatSkill/Desc/C211,襄阳大侠：伤害减免30%，被攻击后有30%机率发动50%伤害反弹。
CombatSkill/Name/C212,丐帮弟子
CombatSkill/Desc/C212,丐帮弟子《江湖伎俩》：15%机率撒石灰粉造成目盲、15%机率泼油造成失衡。
CombatSkill/Name/C221,点苍弟子
CombatSkill/Desc/C221,点苍弟子《点破云关》：每三回合发动1次大幅伤害，根据我方连击数加成伤害。
CombatSkill/Name/C231,南宫家丁
CombatSkill/Desc/C231,南宫家丁《风流扇法》：施展扇法牵制对手，降低敌方10%命中率。己方所受伤害减轻10%。
CombatSkill/Name/C241,全真弟子众
CombatSkill/Desc/C241,全真弟子众《北斗七星阵》：全方位强化我方，每回合发动中幅攻击。有任何异常时阵法失效。
CombatSkill/Name/C251,沧帮弟子
CombatSkill/Desc/C251,沧帮弟子《翻浪刀法》：根据连段数造成小幅伤害，并有20%机率造成[失衡]异常。
CombatSkill/Name/C251_2,沧帮弟子
CombatSkill/Desc/C251_2,沧帮弟子《翻浪刀法》：根据连段数造成小幅伤害，并有20%机率造成[失衡]异常。
CombatSkill/Name/C251_3,沧帮弟子
CombatSkill/Desc/C251_3,沧帮弟子《翻浪刀法》：根据连段数造成小幅伤害，并有20%机率造成[失衡]异常。
CombatSkill/Name/C251_4,沧帮弟子
CombatSkill/Desc/C251_4,沧帮弟子《翻浪刀法》：根据连段数造成小幅伤害，并有20%机率造成[失衡]异常。
CombatSkill/Name/C301,人海战术
CombatSkill/Desc/C301,人海战术：血量低于10%时，将恢复满血。
CombatSkill/Name/C302,人海战术
CombatSkill/Desc/C302,人海战术：血量低于10%时，将恢复满血。
CombatSkill/Name/C400,唐门弟子
CombatSkill/Desc/C400,唐门弟子：每次造成中幅伤害。
CombatSkill/Name/C501,海盗
CombatSkill/Desc/C501,海盗《假打》：每回合100%机率出手妨碍海盗的行动。
CombatSkill/Name/C502,南宫家丁
CombatSkill/Desc/C502,南宫家丁：会毫不留情地殴打二公子，打完二公子后打你。每回合造成小幅伤害。
CombatSkill/Name/C503,南宫浅
CombatSkill/Desc/C503,南宫浅：每回合造成小幅伤害。
CombatSkill/Name/C504,飞天弟子
CombatSkill/Desc/C504,飞天弟子《头部》：有了指挥会变聪明，嘴力+30。
CombatSkill/Name/C505,夺魄弟子
CombatSkill/Desc/C505,夺魄弟子《脚和腿》：用神出鬼没的身法迷惑你，轻功+30。
CombatSkill/Name/C506,？？？
CombatSkill/Desc/C506,？？？《缟衣剑少》：吸引所有攻击。
CombatSkill/Name/C507,玄功弟子
CombatSkill/Desc/C507,玄功弟子《临阵指点》：爆击骰+50颗，减伤+50%。
CombatSkill/Name/C508,铁拳弟子
CombatSkill/Desc/C508,铁拳弟子《铁臂神拳》：每回合低机率造成小幅伤害，有机率为队友格档攻击。
CombatSkill/Name/C509,郁竹
CombatSkill/Desc/C509,郁竹《大铁锤》：每回合低机率造成极大幅伤害，并追加[震撼]。
CombatSkill/Name/C510,丐帮弟子
CombatSkill/Desc/C510,丐帮弟子《暗器》：每回合造成中幅伤害。
CombatSkill/Name/C511,左右开弓
CombatSkill/Desc/C511,左右开弓：分心二用，左手打你，右手揍南宫浅。
CombatSkill/Name/C512,路人俠
CombatSkill/Desc/C512,路人俠《豹心牛泣斩》：看都沒看就一直打你，一直打你。每回合造成2次微小傷害或落空。
CombatSkill/Name/C513,飞天弟子
CombatSkill/Desc/C513,飞天弟子《飞天脚》：每回合造成小幅伤害，并有中机率造成失衡异常。
CombatSkill/Name/C514,青城弟子
CombatSkill/Desc/C514,青城弟子《八门金锁刀》：每回合造成中幅伤害，并对气造成微幅伤害。
CombatSkill/Name/C515,叶云舟
CombatSkill/Desc/C515,叶云舟《点破云关．雷动九天》：每三回合发动致命的超爆击伤害，造成震撼。
CombatSkill/Name/C516,叶云舟
CombatSkill/Desc/C516,叶云舟《点破云关》：每三回合发动一次大幅爆击伤害。
CombatSkill/Name/C517,叶云裳
CombatSkill/Desc/C517,叶云裳《点苍棒法》：每回合发动一次命中率极低的微幅伤害。叶云裳在场时，所有点苍门人攻击力-50%。
CombatSkill/Name/C518,点苍弟子
CombatSkill/Desc/C518,点苍弟子《双剑合壁》：命中时连击数+1，随着连击数提高攻击/防御/气回复速度。
CombatSkill/Name/C519,虞小梅
CombatSkill/Desc/C519,虞小梅《焚心火印・飞天脚》：每回合发动2次猛攻，造成大幅伤害。(5回合)
CombatSkill/Name/C520,夏侯兰
CombatSkill/Desc/C520,夏侯兰《威压》：封印敌人的绝招、嘴攻。
CombatSkill/Name/C521,夏侯兰
CombatSkill/Desc/C521,夏侯兰《夺魄幽兰》：在场时，敌方爆击归零。50%机率陷入[胆怯]状态。
CombatSkill/Name/C522,上官萤
CombatSkill/Desc/C522,上官萤《苦恼拳》：每回合对敌人造成小伤害，并有33%机率额外造成大伤害。
CombatSkill/Name/C523,锦香弟子
CombatSkill/Desc/C523,锦香弟子《剑法》：50%机率造成中伤害。
CombatSkill/Name/C524,画中仙
CombatSkill/Desc/C524,画中仙《剑法》：50%机率造成中伤害。
CombatSkill/Name/C525_1,小梅的守望
CombatSkill/Desc/C525_1,小梅的守望：在心上人面前，勇气百倍，每回合气回复量上升。
CombatSkill/Name/C525_2,小梅的守望
CombatSkill/Desc/C525_2,小梅的守望：在心上人面前，勇气百倍，但因为你移情别恋所以无效。
CombatSkill/Name/C526,温夫人
CombatSkill/Desc/C526,温夫人《仙侣宫・哪咤令・龙游浅水》：挟带内力的琴声，每回合造成敌方气-3，HP-8%，并有25%机率造成胆怯、愤怒随机异常。
CombatSkill/Name/C527,温夫人
CombatSkill/Desc/C527,温夫人《越调・凭栏人・相忘远》：没有挟带内力的琴声，每回合我方气+4、敌方气-4。
CombatSkill/Name/C528,虞小梅
CombatSkill/Desc/C528,虞小梅《一趾驭风・飞天脚》：每回合有造成小幅伤害，攻击时有50%机率造成失衡。我方失衡时放弃攻击，搀扶，打消失衡异常状态。
CombatSkill/Name/C529,龙湘
CombatSkill/Desc/C529,龙湘《龙渊七绝》：可抵挡敌人的绝招，当上述效果不发动时，每回合进行一次强力攻击。
CombatSkill/Name/C530,唐默铃
CombatSkill/Desc/C530,唐默铃《无定飞梭》：每回合生成一个[无定飞梭]，可以抵销对手暗器。\n[无定飞梭]三回合后发射造成小幅伤害。场中存在三个[无定飞梭]时，消费所有无飞梭，造成激烈爆击伤害。
CombatSkill/Name/C531,袁无宪
CombatSkill/Desc/C531,袁无宪《猿王棍》：一边防御来自南宫浅的攻击，一边撩拨你们互相攻击。
CombatSkill/Name/C532,荆红
CombatSkill/Desc/C532,荆红《红葵着雨腿胭脂]》：每2回合有50%机率造成中幅伤害，并获得3连击。
CombatSkill/Name/C533,唐升
CombatSkill/Desc/C533,唐升《袖底乾坤》：30%机率保护战友，30%机率造成小幅伤害并累积中量麻痹值，40%机率观望并出口伤人，造成气中幅损伤。
CombatSkill/Name/C534,唐惟元
CombatSkill/Desc/C534,唐惟元《见缝插针》：我方造成伤害时，立刻追击，造成多段微幅伤害。
CombatSkill/Name/C535,丹霞子
CombatSkill/Desc/C535,丹霞子《风刀火剑》：每回合造成2次中幅伤害，并有50%机率造成失衡。
CombatSkill/Name/C536,樊啸天
CombatSkill/Desc/C536,樊啸天《揍狗拳》：每回合造成5次小幅连击伤害。
CombatSkill/Name/C537,解无尘
CombatSkill/Desc/C537,解无尘《很是用力踢》：每二回合发动一次，造成1~8段不等的小幅连击伤害，并有30%机率造成对手失衡。
CombatSkill/Name/C538,李富贵
CombatSkill/Desc/C538,李富贵《惊蛇杖》：每回合造成小幅伤害及气损伤，有30%机率造成[胆怯]异常。
CombatSkill/Name/C539,福韫
CombatSkill/Desc/C539,福韫《喋喋不休》：每回合说教，造成对手中幅气损伤，有50%机率造成[愤怒]异常。
CombatSkill/Name/C540,邹博
CombatSkill/Desc/C540,邹博《参同掌．天师剑》：每回合随机攻/防，攻击时造成对手中幅伤害，附加震撼；防守时减轻我方伤害60%，气力+5。
CombatSkill/Name/C541,虞小梅
CombatSkill/Desc/C541,虞小梅《天龙地虎式》：在金乌上人不主动攻击的时候进行中幅攻击伤害，增加连击；在金乌上人攻击时防守，使所受伤害减轻20%。
CombatSkill/Name/C542,嵩山弟子
CombatSkill/Desc/C542,嵩山弟子《嵩山般若掌》：每回合造成一次小幅伤害。
CombatSkill/Name/C543,嵩山弟子
CombatSkill/Desc/C543,嵩山弟子《嵩山风波棍》：两回合造成一次中幅伤害，并有30%机率造成失衡。
CombatSkill/Name/C544,夏侯兰
CombatSkill/Desc/C544,夏侯兰《夺魄幽灵爪・铁伞功》：敌方暗器必定被格档。每三回合发动一次超爆击伤害。
CombatSkill/Name/C545,南宫深
CombatSkill/Desc/C545,南宫深《风流扇真传》：在场时我方减伤20%，并为我方追加大量爆击骰子，每回合造成小幅伤害。
CombatSkill/Name/C546,释明
CombatSkill/Desc/C546,释明《那由它劫指》：每回合造成中幅伤害，并累积中量麻痹值。
CombatSkill/Name/C547,唐默铃
CombatSkill/Desc/C547,唐默铃《天地无声势・暗杀剑》：下定决心要杀人的小师妹。低机率造成无法招架、回避的超爆击伤害。
CombatSkill/Name/C548,夏侯兰
CombatSkill/Desc/C548,夏侯兰《雪山飞鸿爪・铁伞功》：敌方暗器必定被格档。每三回合发动一次高爆击伤害，必定造成失衡。
CombatSkill/Name/C549,福韫
CombatSkill/Desc/C549,福韫《喋喋不休风波棍》：一边打人，一边说教。\n每回合造成小幅气伤害，两回合造成一次中幅伤害，并有低机率造成失衡。
CombatSkill/Name/C550,唐升
CombatSkill/Desc/C550,唐升《袖里乾坤》：每回合发动一次中幅攻击，每6回合发动一次绝招攻击，并阻止对方行动。
CombatSkill/Name/C551,释明
CombatSkill/Desc/C551,释明《捻花指》：大幅提升我方格档机率，并造成敌方气力-3。
CombatSkill/Name/C552,尹志平
CombatSkill/Desc/C552,尹志平《逆踏北斗七星》：双方攻击力伤害下降60%、气力-5。
CombatSkill/Name/C553,尹志平
CombatSkill/Desc/C553,尹志平《地轴锁天关》：在场时，镇压全局，敌我双方所有支持失效。
CombatSkill/Name/C554,点苍双尊
CombatSkill/Desc/C554,点苍双尊《阴阳双剑》：命中时追击，使连击数+2，随着连击数提高攻击/防御/气回复。\n连击数>8时，发动[剑界]。\n连击数>12时，消费连击数，发动绝招[云山雾海邀天剑]，造成无视减伤效果超绝强力伤害。
CombatSkill/Name/C555,向无忧
CombatSkill/Desc/C555,向无忧《心剑雷神脚》：每回合有高机率使我方回避大幅上升，回避时高机率反击，使连击数+1。\n随着连击数上升，机率使出绝招[雷神脚]，造成超强力伤害，并追加[震撼]异常。
CombatSkill/Name/C556,画中仙
CombatSkill/Desc/C556,画中仙《无相神功》：敌方防御、招架、回避率大幅弱化，我方爆击骰大幅上升。每回合造成小幅伤害，并累积麻痹。
CombatSkill/Name/C901,书生
CombatSkill/Desc/C901,书生《惊慌失措》：两回合后回神，即将放声大叫。
CombatSkill/Name/C902,全真弟子
CombatSkill/Desc/C902,全真弟子《全真剑法》：每回合中机率造成小幅伤害。
CombatSkill/Name/C903,唐默铃
CombatSkill/Desc/C903,唐默铃《极怒无定飞梭》：气疯了，暗器全弹发射中。\n每回合造成10次微幅伤害，伤害超过40中断敌人行动。
CombatSkill/Name/C904,叶云裳
CombatSkill/Desc/C904,叶云裳《点苍棍法》：气疯了，混乱挥舞棍棒中。每回合有30%机率造成1次微幅伤害。
CombatSkill/Name/C905,唐默铃和叶云裳
CombatSkill/Desc/C905,《阴阳合击剑》：有50%机率使你造成的伤害落空，每回合造成强大伤害。
CombatSkill/Name/C906,上官萤
CombatSkill/Desc/C906,上官萤《苦恼拳・毁天灭地式》：气疯了，苦恼拳超越极限中。每回合有40%机率造成超爆击伤害。
CombatSkill/Name/C907,龙湘
CombatSkill/Desc/C907,龙湘《龙渊七绝剑》：气疯了，杀意凛冽中。
CombatSkill/Name/C908,谭霸刀
CombatSkill/Desc/C908,谭霸刀《霸刀》：在场时，挥舞大刀虎虎生风，气势逼人，使己方额外气回复+5。每二回合发动一次大幅伤害。
CombatSkill/Name/C909,余公子
CombatSkill/Desc/C909,余公子《多金风流扇》：在场时，施展扇法牵制对手。己方所受伤害减轻20%。每二回合发动一次中幅伤害。
CombatSkill/Name/C910,木仙姑
CombatSkill/Desc/C910,木仙姑《拂尘功》：在场时，挥舞拂尘扰乱视线。敌方命中率下降20%。每二回合发动一次中幅伤害。
CombatSkill/Name/C911,黑衣人
CombatSkill/Desc/C911,黑衣人《手足无措》：你们尊重一下前辈不行吗？（100%无效化敌方造成的伤害）
CombatSkill/Name/C912,黑衣人
CombatSkill/Desc/C912,黑衣人《指导者》：观棋不语真君子，我是伪君子，所以可以说话。
CombatSkill/Name/C913,唐布衣
CombatSkill/Desc/C913,唐布衣《激战龙湘》：没空理你。每回合对敌方造成高爆击伤害，并累积麻痹值。
CombatSkill/Name/C914,丐帮长老
CombatSkill/Desc/C914,丐帮长老《牧蛇》：每三回合召唤一个[毒蛇]。
CombatSkill/Name/C915,毒蛇
CombatSkill/Desc/C915,毒蛇：每回合造成小幅伤害、40毒素累积值。
CombatSkill/Name/C916,狗
CombatSkill/Desc/C916,狗《咆哮》：尽是叫，却不咬人。每回合造成敌人气微弱损伤，并有机率咬死一条毒蛇。
CombatSkill/Name/C917,唐布衣
CombatSkill/Desc/C917,唐布衣《光说不练》：每回合进行嘴攻刺激敌人，小幅减少敌人气力，有机率造成愤怒。
CombatSkill/Name/E001,落井下石
CombatSkill/Desc/E001,落井下石：对身有异常状态的敌人嘴攻时，激怒成功率更高。
CombatSkill/Name/E002,得理不饶人
CombatSkill/Desc/E002,得理不饶人：连续嘴攻时效果上升。
CombatSkill/Name/E002_1,得理不饶人
CombatSkill/Desc/E002_1,得理不饶人：嘴攻效果提升50%。
CombatSkill/Name/E003,孟子曰
CombatSkill/Desc/E003,孟子曰：敌人身有[愤怒]状态时发动。
CombatSkill/Name/E003_1,孟子曰
CombatSkill/Desc/E003_1,孟子曰：敌人身有[愤怒]状态时，嘴攻变为[战神语录]。\n使对方行动无效，并造成[内伤]。
CombatSkill/Name/E004,烈火禅
CombatSkill/Desc/E004,烈火禅：愤怒时不再捅人，变成嘴攻并口喷烈火。
CombatSkill/Name/E004_1,烈火禅
CombatSkill/Desc/E004_1,烈火禅：愤怒时不再捅人，变成嘴攻并口喷烈火造成「燃烧」。
CombatSkill/Name/E006,龙吟功
CombatSkill/Desc/E006,龙吟功：境界二以上，嘴攻变为「苍龙吟」。
CombatSkill/Name/E006_1,龙吟功
CombatSkill/Desc/E006_1,龙吟功：境界二以上，嘴攻变为「苍龙吟」，消费额外内力，使嘴攻具有实质伤害。
CombatSkill/Name/E007,狮吼功
CombatSkill/Desc/E007,狮吼功：境界二以上，嘴攻变为「狮子吼」。
CombatSkill/Name/E007_1,狮吼功
CombatSkill/Desc/E007_1,狮吼功：境界二以上，嘴攻变为「狮子吼」，消费额外内力，使嘴攻具有实质伤害。
CombatSkill/Name/E008,虎啸功
CombatSkill/Desc/E008,虎啸功：境界二以上，嘴攻变为「虎啸吼」。
CombatSkill/Name/E008_1,虎啸功
CombatSkill/Desc/E008_1,虎啸功：境界二以上，嘴攻变为「虎啸吼」，消费额外内力，使嘴攻具有实质伤害。
CombatSkill/Name/F001,揍狗拳
CombatSkill/Desc/F001,揍狗拳：敌人气低于自身时，获得「揍狗拳」。
CombatSkill/Name/F001_1,揍狗拳
CombatSkill/Desc/F001_1,揍狗拳：捅人指令变化为[追击]，追加额外气的伤害。
CombatSkill/Name/F002,极端揍狗拳
CombatSkill/Desc/F002,极端揍狗拳：锁定所有指令，无条件使用揍狗拳，并迭加「狂化」。
CombatSkill/Name/F003,翻浪刀法
CombatSkill/Desc/F003,翻浪刀法：捅人命中时获得「翻浪刀法」。
CombatSkill/Name/F003_1,翻浪刀法
CombatSkill/Desc/F003_1,翻浪刀法：捅人指令变化为[追击]，30%机率追加「失衡」。
CombatSkill/Name/F004,蛮勇
CombatSkill/Desc/F004,蛮勇：捅人指令不会被暗器打断，但受到的伤害+50%。
CombatSkill/Name/F005,心印掌
CombatSkill/Desc/F005,心印掌。
CombatSkill/Name/F006,反手拳
CombatSkill/Desc/F006,反手拳：回避成功时，捅人指令变化为[反击]。
CombatSkill/Name/F006_1,反手拳
CombatSkill/Desc/F006_1,反手拳：回避成功时，捅人指令变化为[反击]，造成250%伤害。
CombatSkill/Name/G002_1,医术Lv1
CombatSkill/Desc/G002_1,医术Lv1：备揍时，根据最大血量回复2%血。\n额外代谢5点毒麻累积值
CombatSkill/Name/G002_2,医术Lv2
CombatSkill/Desc/G002_2,医术Lv2：备揍时，根据最大血量回复4%血。\n额外代谢10点毒麻累积值
CombatSkill/Name/G002_3,医术Lv3
CombatSkill/Desc/G002_3,医术Lv3：备揍时，根据最大血量回复6%血。\n额外代谢15点毒麻累积值
CombatSkill/Name/G002_4,医术Lv4
CombatSkill/Desc/G002_4,医术Lv4：备揍时，根据最大血量回复8%血。\n额外代谢20点毒麻累积值
CombatSkill/Name/G002_5,医术Lv5
CombatSkill/Desc/G002_5,医术Lv5：备揍时，根据最大血量回复10%血。\n额外代谢25点毒麻累积值
CombatSkill/Name/G002_6,医术Lv6
CombatSkill/Desc/G002_6,医术Lv6：备揍时，根据最大血量回复10%血。\n额外代谢25点毒麻累积值
CombatSkill/Name/G002_7,医术Lv7
CombatSkill/Desc/G002_7,医术Lv7：备揍时，根据最大血量回复10%血。\n额外代谢25点毒麻累积值
CombatSkill/Name/G002_8,医术Lv8
CombatSkill/Desc/G002_8,医术Lv8：备揍时，根据最大血量回复10%血。\n额外代谢25点毒麻累积值
CombatSkill/Name/G002_9,医术Lv9
CombatSkill/Desc/G002_9,医术Lv9：备揍时，根据最大血量回复10%血。\n额外代谢25点毒麻累积值
CombatSkill/Name/G003,仙鹤迷踪步
CombatSkill/Desc/G003,仙鹤迷踪步：备揍成功后，获得一个「仙鹤迷踪」。
CombatSkill/Name/G003_1,仙鹤迷踪
CombatSkill/Desc/G003_1,仙鹤迷踪：根据轻功[50%]提升回避率，持续2回合。
CombatSkill/Name/G004,一趾神通
CombatSkill/Desc/G004,一趾神通：境界二以上，备揍变为[一趾神通]。
CombatSkill/Name/G004_1,一趾神通
CombatSkill/Desc/G004_1,一趾神通：境界二以上，备揍变为[一趾神通]，备揍成功后，获得「一趾御风」。
CombatSkill/Name/G004_2,一趾御风
CombatSkill/Desc/G004_2,一趾御风：根据内力[100%]提升轻功，根据轻功[50%]提升回避率，持续2回合。
CombatSkill/Name/G005_1,折花手Lv1
CombatSkill/Desc/G005_1,折花手Lv1：备揍时，有5%机率接住暗器。\n若接暗器成功，造成对手追加「胆怯」。
CombatSkill/Name/G005_2,折花手Lv2
CombatSkill/Desc/G005_2,折花手Lv2：备揍时，有10%机率接住暗器。\n若接暗器成功，造成对手追加「胆怯」。
CombatSkill/Name/G005_3,折花手Lv3
CombatSkill/Desc/G005_3,折花手Lv3：备揍时，有15%机率接住暗器。\n若接暗器成功，造成对手追加「胆怯」。
CombatSkill/Name/G005_4,折花手Lv4
CombatSkill/Desc/G005_4,折花手Lv4：备揍时，有20%机率接住暗器。\n若接暗器成功，造成对手追加「胆怯」。
CombatSkill/Name/G005_5,折花手Lv5
CombatSkill/Desc/G005_5,折花手Lv5：备揍时，有25%机率接住暗器。\n若接暗器成功，造成对手追加「胆怯」。
CombatSkill/Name/G008,万剑归宗
CombatSkill/Desc/G008,万剑归宗：备揍时，消费所有连击数，并根据连击数额外获得气。
CombatSkill/Name/G009,归元
CombatSkill/Desc/G009,归元：当连击数大于2时，备揍变成[归元]。
CombatSkill/Name/G009_1,归元
CombatSkill/Desc/G009_1,归元：当连击数大于2时，备揍变成[归元]。\n根据连击数，生成「护体气罩」，最高等级5。
CombatSkill/Name/G2108_1,铁棋盘
CombatSkill/Desc/G2108_1,铁棋盘：备揍时启动机关，可收去所有暗器，下回暗器伤害上升30%。
CombatSkill/Name/G2111_1,枯荣神功
CombatSkill/Desc/G2111_1,枯荣神功：备揍变为「枯荣神功」，恢复10%血，获得「护体气罩Lv3」。
CombatSkill/Name/H003_1,思想战Lv1
CombatSkill/Desc/H003_1,思想战Lv1：决斗开始时，即默认已有1次连击，并获得5气。
CombatSkill/Name/H003_2,思想战Lv2
CombatSkill/Desc/H003_2,思想战Lv2：决斗开始时，即默认已有2次连击，并获得10气。
CombatSkill/Name/H003_3,思想战Lv3
CombatSkill/Desc/H003_3,思想战Lv3：决斗开始时，即默认已有3次连击，并获得15气。
CombatSkill/Name/H003_4,思想战Lv4
CombatSkill/Desc/H003_4,思想战Lv4：决斗开始时，即默认已有4次连击，并获得20气。
CombatSkill/Name/H003_5,思想战Lv5
CombatSkill/Desc/H003_5,思想战Lv5：决斗开始时，即默认已有5次连击，并获得25气。
CombatSkill/Name/H004,飒踏流星剑
CombatSkill/Desc/H004,飒踏流星剑：决斗开始第一回合，攻击力为3倍。
CombatSkill/Name/H005,地轴锁天关
CombatSkill/Desc/H005,地轴锁天关：境界一以上，获得「化境」。\n此后提升境界，「化境」效果亦会提升。
CombatSkill/Name/H005_1,化境Lv1
CombatSkill/Desc/H005_1,化境Lv1：我方回气+10、轻功+10%、防御+10%\n敌方回气-10、轻功-10%、防御-10%
CombatSkill/Name/H005_2,化境Lv2
CombatSkill/Desc/H005_2,化境Lv2：我方回气+20、轻功+20%、防御+20%\n敌方回气-20、轻功-20%、防御-20%
CombatSkill/Name/H005_3,化境Lv3
CombatSkill/Desc/H005_3,化境Lv3：我方回气+30、轻功+30%、防御+30%\n敌方回气-30、轻功-30%、防御-30%
CombatSkill/Name/H006,剑界
CombatSkill/Desc/H006,剑界：
CombatSkill/Name/H006_1,剑界
CombatSkill/Desc/H006_1,剑界：境界三以上，我方刀剑+30%，敌方刀剑-30%。\n根据刀剑落差提升招架机率。
CombatSkill/Name/H007,苦恼拳
CombatSkill/Desc/H007,苦恼拳：当前心相低于中庸时，每1点提升1%攻击力。
CombatSkill/Name/H3100,欺善怕恶
CombatSkill/Desc/H3100,欺善怕恶：对手气大于自身时，自身全属性-20%；对手气小于自身时，自身全属性+20%。
CombatSkill/Name/S001,关注
CombatSkill/Desc/S001,关注：被小师妹注视，使你精神抖擞。每回合气+3。
CombatSkill/Name/S002,断臂
CombatSkill/Desc/S002,断臂：攻防-25%。
CombatSkill/Name/S100,拳剑合璧
CombatSkill/Desc/S100,拳剑合璧：攻击备揍对象时，造成失衡异常；\n自身防御成功时，追加反击伤害；受到伤害时，气回复上升。
CombatSkill/Name/S101_1,同门之情Lv1
CombatSkill/Desc/S101_1,同门之情Lv1：伤害减少25%，每回合气-2
CombatSkill/Name/S101_2,同门之情Lv2
CombatSkill/Desc/S101_2,同门之情Lv2：伤害减少50%，每回合气-4
CombatSkill/Name/S101_3,同门之情Lv3
CombatSkill/Desc/S101_3,同门之情Lv3：伤害减少75%，每回合气-6
CombatSkill/Name/S102,佩服
CombatSkill/Desc/S102,佩服：他内心深处佩服你，攻击-20%、防御-20%
CombatSkill/Name/S103,翻江龙王刀
CombatSkill/Desc/S103,翻江龙王刀：上官刀法的真髓，是遇困则强，刀风卷成骇浪，造成集体失衡。\n根据连击数，攻击时有机率造成失衡并中断行动，回合结束时，场中每有一人气额外+3。
CombatSkill/Name/S104,无相神功・参同秘契
CombatSkill/Desc/S104,无相神功・参同秘契：无异常状态时，额外气力+3。
CombatSkill/Name/S105,北斗七星阵
CombatSkill/Desc/S105,北斗七星阵：全数值+10%。
CombatSkill/Name/S106_1,领悟Lv1
CombatSkill/Desc/S106_1,领悟Lv1：防御+20。
CombatSkill/Name/S106_2,领悟Lv2
CombatSkill/Desc/S106_2,领悟Lv2：防御+30、每回合气力+4。
CombatSkill/Name/S106_3,领悟Lv3
CombatSkill/Desc/S106_3,领悟Lv3：防御+40、每回合气力+6、爆击骰子+10。
CombatSkill/Name/S106_4,领悟Lv4
CombatSkill/Desc/S106_4,领悟Lv4：防御+50、每回合气力+8、爆击骰子+30、所有伤害+20%。
CombatSkill/Name/S107,激战唐布衣
CombatSkill/Desc/S107,激战唐布衣：没空理你。
CombatSkill/Name/S108,左右开弓
CombatSkill/Desc/S108,左右开弓：右手持剑激战大师兄，左手剑鞘毒打你。
CombatSkill/Name/S109,试探
CombatSkill/Desc/S109,试探：连击为零时或愤怒时，对大师兄进行1次攻击，并且连击+1。（当回合不会使用攻击指令）
CombatSkill/Name/S110,针对三师兄
CombatSkill/Desc/S110,针对三师兄：主力对付三师兄，分心应付你。攻击力-50%。
CombatSkill/Name/S111,焚天烈焰
CombatSkill/Desc/S111,焚天烈焰：受到暗器以外的攻击时，造成对手燃烧异常。
CombatSkill/Name/S112,烈火风流扇
CombatSkill/Desc/S112,烈火风流扇：投射扇子之前先凑到肩甲下边点燃，暗器命中时造成燃烧异常。
CombatSkill/Name/S113,铁石心肠
CombatSkill/Desc/S113,铁石心肠：连击为零时，对上官萤进行攻击，并且连段+1（当回合不会使用攻击指令）
CombatSkill/Name/S114,天选之人
CombatSkill/Desc/S114,天选之人：命运的宠儿，得天独厚，提升一切有利的机率。
CombatSkill/Name/S115,勇者
CombatSkill/Desc/S115,勇者：平凡如你纵使跌跌撞撞，依然勇于挑战人生。没有任何特殊能力，这才叫勇者。
CombatSkill/Name/S1206_1,夺魄幽灵爪
CombatSkill/Desc/S1206_1,夺魄幽灵爪：境界二以上，捅人变化为[夺魄幽灵爪]，可造成[失衡]。
CombatSkill/Name/S1207,犯剑
CombatSkill/Desc/S1207,犯剑：低伤害，可激怒对手，若对身具[愤怒]异常的对手使用，可以造成200%伤害。
CombatSkill/Name/S1209_1,雪山飞鸿爪
CombatSkill/Desc/S1209_1,雪山飞鸿爪：境界二以上，捅人变化为[雪山飞鸿爪]，可造成[失衡]。
CombatSkill/Name/S3112,无影爪
CombatSkill/Desc/S3112,无影爪：攻击爆击骰子+10。
CombatSkill/Name/S3115,狮子之心
CombatSkill/Desc/S3115,狮子之心：根据受到的伤害，大幅回升气。
CombatSkill/Name/S600,彼岸香
CombatSkill/Desc/S600,彼岸香：敌我每回合增加毒性累积值。
CombatSkill/Name/S601,温柔香
CombatSkill/Desc/S601,温柔香：敌我每回合增加麻痹累积值。
CombatSkill/Name/S608,万寿尸血针
CombatSkill/Desc/S608,万寿尸血针：受到伤害时，造成敌人毒、麻累积。
CombatSkill/Name/S707_1,焚心火印Lv1
CombatSkill/Desc/S707_1,焚心火印Lv1：属性为阳时，每回合增加35毒累积值，额外气+5。(老阳时效果强化)
CombatSkill/Name/S707_2,焚心火印Lv2
CombatSkill/Desc/S707_2,焚心火印Lv2：属性为阳时，每回合增加50毒累积值，额外气+10。(老阳时效果强化)
CombatSkill/Name/S707_3,焚心火印Lv3
CombatSkill/Desc/S707_3,焚心火印Lv3：属性为阳时，每回合增加80毒累积值，额外气+20。(老阳时效果强化)
CombatSkill/Name/S7001,火拂尘
CombatSkill/Desc/S7001,火拂尘：所有攻击都有40%机率造成[燃烧]。
CombatSkill/Name/S7008_1,逐浪诀Lv1
CombatSkill/Desc/S7008_1,逐浪诀Lv1：根据当前连击数，攻击有额外机率造成[失衡]。
CombatSkill/Name/S7008_2,逐浪诀Lv2
CombatSkill/Desc/S7008_2,逐浪诀Lv2：根据当前连击数，攻击有额外机率造成[失衡]。
CombatSkill/Name/S7008_3,逐浪诀Lv3
CombatSkill/Desc/S7008_3,逐浪诀Lv3：根据当前连击数，攻击有额外机率造成[失衡]。
CombatSkill/Name/S7010_1,地狱使者Lv1
CombatSkill/Desc/S7010_1,地狱使者Lv1：每回合有10%机率对胆小的人造成[胆怯]。
CombatSkill/Name/S7010_2,地狱使者Lv2
CombatSkill/Desc/S7010_2,地狱使者Lv2：每回合有15%机率对胆小的人造成[胆怯]。
CombatSkill/Name/S7010_3,地狱使者Lv3
CombatSkill/Desc/S7010_3,地狱使者Lv3：每回合有20%机率对胆小的人造成[胆怯]。
CombatSkill/Name/S7010_4,地狱使者Lv4
CombatSkill/Desc/S7010_4,地狱使者Lv4：每回合有25%机率对胆小的人造成[胆怯]。
CombatSkill/Name/S801,天地无声势
CombatSkill/Desc/S801,天地无声势：小师妹的独门武功。\n使用捅人、暗器指令额外发动「无定飞梭」。\n施展绝招时，消费所有「无定飞梭」，并重新生成5个「无定飞梭」。
CombatSkill/Name/S802,无定飞梭
CombatSkill/Desc/S802,无定飞梭：可消耗此技能抵销敌人发射的暗器。\n倒数结束时，射出伤人。
CombatSkill/Name/S803,金钱镖
CombatSkill/Desc/S803,金钱镖：暗器命中时造成大额麻痹累积。
CombatSkill/Name/S804,飞燕流星翎
CombatSkill/Desc/S804,飞燕流星翎：境界三以上，暗器变为[飞燕流星翎]。
CombatSkill/Name/S804_1,飞燕流星翎
CombatSkill/Desc/S804_1,飞燕流星翎：境界三以上，暗器变为[飞燕流星翎]\n消费大量气造成暗器伤害，并生成四个暗器「飞燕流星翎」。
CombatSkill/Name/S805,飞燕流星翎
CombatSkill/Desc/S805,飞燕流星翎：每回合自动射击造成伤害。\n敌方投射暗器时，会消耗存续时间并抵挡暗器。
CombatSkill/Name/S806,金刚神枪指
CombatSkill/Desc/S806,金刚神枪指：境界三以上，暗器变为[金刚神枪指]。
CombatSkill/Name/S806_1,金刚神枪指
CombatSkill/Desc/S806_1,金刚神枪指：境界三以上，暗器变为[金刚神枪指]，当回合无法行动。\n下回合[开始]时，造成超幅伤害，并根据内力[200%]强化威力。
CombatSkill/Name/S904,点破云关
CombatSkill/Desc/S904,点破云关：当连击数大于2时，绝招变成[点破云关]。
CombatSkill/Name/S904_1,点破云关
CombatSkill/Desc/S904_1,点破云关：当连击数大于2时，绝招变成[点破云关]，根据当前连击数影响伤害。\n当连击数大于8时，清除所有连击数。
CombatSkill/Name/S6011,毒功
CombatSkill/Desc/S6011,毒功：捅人时附带50%的毒、麻累积值。
CombatSkill/Name/S8101_1,霹雳刀
CombatSkill/Desc/S8101_1,霹雳刀：境界二以上，绝招变为[云霄雷霆霹雳刀]，根据性情造成额外伤害。
CombatSkill/Name/S8106_1,阴阳夺
CombatSkill/Desc/S8106_1,阴阳夺：境界二以上，绝招变为[阴阳夺]。\n造成失衡。
CombatSkill/Name/S8108_1,铁臂飞拳
CombatSkill/Desc/S8108_1,铁臂飞拳：境界二以上，绝招变为[铁臂飞拳]。\n追加[震撼]。
CombatSkill/Name/S8111_1,神雷
CombatSkill/Desc/S8111_1,神雷：境界三以上，绝招变为[神雷]。\n纵身上跃，必定使敌人所有指令无效。\n并根据形意拳精通数提升伤害。
CombatSkill/Name/S8112_1,太白仙迹
CombatSkill/Desc/S8112_1,太白仙迹：境界二以上，绝招变为[太白仙迹]。\n四回合内，全属性超幅提升，有50%机率回避敌人攻击，四回合后气归零。\n捅人指令变为「舞剑」，造成1~3段伤害。\n连击数>10时，立即追加超强大伤害，并解除太白仙迹状态。
CombatSkill/Name/S8113_1,绝影奇袭
CombatSkill/Desc/S8113_1,绝影奇袭：境界三以上，绝招变为「绝影奇袭」，造成超大量报击骰攻击。\n若敌人采取攻击行动，则威力倍增，若敌人采取防御手段，则威力倍减。\n下一回合对我方造成debuff[失衡]。
CombatSkill/Name/S8119_1,天罡伏魔剑
CombatSkill/Desc/S8119_1,天罡伏魔剑：境界三以上，造成超绝强大攻击。随后自身气归零，进入虚脱状态。
CombatSkill/Name/S8121_1,风雷神脚
CombatSkill/Desc/S8121_1,风雷神脚：境界二以上，连击数大于3时，绝招变为[风雷神脚]。\n消耗中量气，造成多段伤害。绝招命中时获得[腾空]，持续一回合。
CombatSkill/Name/S9102_1,铁琵琶功Lv1
CombatSkill/Desc/S9102_1,铁琵琶功Lv1：当敌人采取捅人且备揍成功时，造成敌人气力-3。\n境界二以上，攻击造成气力-3。\n境界三以上，攻防有50%机率追加[震憾]。
CombatSkill/Name/S9102_2,铁琵琶功Lv2
CombatSkill/Desc/S9102_2,铁琵琶功Lv2：当敌人采取捅人且备揍成功时，造成敌人气力-4。\n境界二以上，攻击造成气力-4。\n境界三以上，攻防有60%机率追加[震憾]。
CombatSkill/Name/S9102_3,铁琵琶功Lv3
CombatSkill/Desc/S9102_3,铁琵琶功Lv3：当敌人采取捅人且备揍成功时，造成敌人气力-5。\n境界二以上，攻击造成气力-5。\n境界三以上，攻防有70%机率追加[震憾]。
CombatSkill/Name/S9102_4,铁琵琶功Lv4
CombatSkill/Desc/S9102_4,铁琵琶功Lv4：当敌人采取捅人且备揍成功时，造成敌人气力-6。\n境界二以上，攻击造成气力-6。\n境界三以上，攻防有80%机率追加[震憾]。
CombatSkill/Name/S9102_5,铁琵琶功Lv5
CombatSkill/Desc/S9102_5,铁琵琶功Lv5：当敌人采取捅人且备揍成功时，造成敌人气力-7。\n境界二以上，攻击造成气力-7。\n境界三以上，攻防有90%机率追加[震憾]。
CombatSkill/Name/S9105,失魂落魄
CombatSkill/Desc/S9105,失魂落魄：有10%机率发作，忘记自己是谁、为何在此，不能行动。
CombatSkill/Name/S9106,经脉闭塞
CombatSkill/Desc/S9106,经脉闭塞：内力大幅弱化。
CombatSkill/Name/S9200_1,打穴娟索
CombatSkill/Desc/S9200_1,打穴娟索：气高于对手时，暗器变为[打穴娟索]，造成大量麻痹累积值。
CombatSkill/Name/S9201,猿王劈山
CombatSkill/Desc/S9201,猿王劈山：根据连击数造成伤害。
CombatSkill/Name/S9202_1,猿王回风
CombatSkill/Desc/S9202_1,猿王回风：绝招变为[猿王回风]，不消耗气，造成小幅伤害且获得3连击，并有50%机率造成失衡。
CombatSkill/Name/Z001,战术
CombatSkill/Desc/Z001,战术：根据等级，强化战术类技能的效果。
CombatSkill/Name/S116,机关箧笥
CombatSkill/Desc/S116,机关箧笥：每回合随机变成下列型态\n机关箧笥・捕鸟型态\n机关箧笥・拌马型态\n机关箧笥・迷烟型态
CombatSkill/Name/S116_1,机关箧笥・捕鸟型态
CombatSkill/Desc/S116_1,机关箧笥・捕鸟型态：发射飞针造成多段小幅伤害。
CombatSkill/Name/S116_2,机关箧笥・拌马型态
CombatSkill/Desc/S116_2,机关箧笥・拌马型态：发射拌马绳造成失衡。
CombatSkill/Name/S116_3,机关箧笥・迷烟型态
CombatSkill/Desc/S116_3,机关箧笥・迷烟型态：散播迷烟造成盲目。
CombatSkill/Name/S117,机关箧笥
CombatSkill/Desc/S117,机关箧笥：每回合随机变成下列型态\n机关箧笥・狩猎型态\n机关箧笥・斩马型态\n机关箧笥・屠杀型态\n境界二以上解锁绝招：机关箧笥．圣衣型态
CombatSkill/Name/S117_1,机关箧笥・狩猎型态
CombatSkill/Desc/S117_1,机关箧笥・狩猎型态：发射弩箭造成多段中幅伤害
CombatSkill/Name/S117_2,机关箧笥・斩马型态
CombatSkill/Desc/S117_2,机关箧笥・斩马型态：发射斩马飞刀造成中幅伤害，并追加失衡。
CombatSkill/Name/S117_3,机关箧笥・屠杀型态
CombatSkill/Desc/S117_3,机关箧笥・屠杀型态：散播毒烟造成盲目，并累积80血毒。
CombatSkill/Name/S117_4,机关箧笥．圣衣型态
CombatSkill/Desc/S117_4,机关箧笥．圣衣型态：境界二以上，四师兄着装机关箧笥，使出流星般的强力打击，必定发动绝招。
CombatSkill/Name/S118,呕吐物
CombatSkill/Desc/S118,呕吐物：地上有呕吐物，很滑，而且恶心。轻功-30%
CombatSkill/Name/S119,手下留情
CombatSkill/Desc/S119,手下留情：攻击力-50%，封印绝招
CombatSkill/Name/S905,绝世
CombatSkill/Desc/S905,绝世：强大的气势令对手本能紧绷，一时动弹不得。使对方无法攻击。
CombatSkill/Name/S906,铁拂尘
CombatSkill/Desc/S906,铁拂尘：备揍成功时，扫人眼目，80%机率造成[盲目]。
CombatSkill/Name/C918,蛇
CombatSkill/Desc/C918,蛇《毒牙》：每回合机率造成对方微幅伤害，并造成30毒、麻累积值。
CombatSkill/Name/C919,鬼卒
CombatSkill/Desc/C919,鬼卒《虚张声势》：每回合50%机率开口恫吓造成气损伤，50%机率造成小幅伤害。
CombatSkill/Name/C920,山贼
CombatSkill/Desc/C920,山贼《五虎断门刀》：每回合造成小幅伤害，30%机率追加「失衡」。
CombatSkill/Name/C921_1,铁拳弟子
CombatSkill/Desc/C921_1,铁拳弟子《五虎断门刀》：每回合造成小幅伤害，30%机率追加「失衡」。
CombatSkill/Name/C921_2,铁拳弟子
CombatSkill/Desc/C921_2,铁拳弟子《五虎断门刀》：每回合造成小幅伤害，30%机率追加「失衡」。
CombatSkill/Name/C921_3,铁拳弟子
CombatSkill/Desc/C921_3,铁拳弟子《五虎断门刀》：每回合造成小幅伤害，30%机率追加「失衡」。
CombatSkill/Name/C922_1,峨嵋弟子
CombatSkill/Desc/C922_1,峨嵋弟子《五虎断门刀》：每回合造成小幅伤害，30%机率追加「失衡」。
CombatSkill/Name/C922_2,峨嵋弟子
CombatSkill/Desc/C922_2,峨嵋弟子《五虎断门刀》：每回合造成小幅伤害，30%机率追加「失衡」。
CombatSkill/Name/C922_3,峨嵋弟子
CombatSkill/Desc/C922_3,峨嵋弟子《五虎断门刀》：每回合造成小幅伤害，30%机率追加「失衡」。
CombatSkill/Name/C922_4,峨嵋弟子
CombatSkill/Desc/C922_4,峨嵋弟子《五虎断门刀》：每回合造成小幅伤害，30%机率追加「失衡」。
CombatSkill/Name/C922_5,峨嵋弟子
CombatSkill/Desc/C922_5,峨嵋弟子《五虎断门刀》：每回合造成小幅伤害，30%机率追加「失衡」。
CombatSkill/Name/C923,鬼卒
CombatSkill/Desc/C923,鬼卒《叉法》：每回合造成微幅伤害，并有20%机率追加「扰乱」。
CombatSkill/Name/C924,叶云裳
CombatSkill/Desc/C924,叶云裳《恐吓》：恶语相向，同时挥舞棍棒进行恫吓，中机率造成敌人气小幅损伤。
CombatSkill/Name/C925,铁冠道人
CombatSkill/Desc/C925,铁冠道人《天师剑法》：每回合造成中幅伤害，对恶人有额外伤害，并有15%机率造成震撼。
CombatSkill/Name/C926_1,青城弟子
CombatSkill/Desc/C926_1,青城弟子《八仙剑法》：每回合造成小幅伤害，对恶人有额外伤害。
CombatSkill/Name/C926_2,青城弟子
CombatSkill/Desc/C926_2,青城弟子《八仙剑法》：每回合造成小幅伤害，对恶人有额外伤害。
CombatSkill/Name/C927,狼
CombatSkill/Desc/C927,狼《咬人》：每回合造成小幅伤害。
CombatSkill/Name/S120,狼群
CombatSkill/Desc/S120,狼群：每三回合呼叫一头狼。
CombatSkill/Name/S121,狼嚎
CombatSkill/Desc/S121,狼嚎：嘴功后召唤一头狼。
CombatSkill/Name/C928,鸟说脏话
CombatSkill/Desc/C928,鸟说脏话：鸟盘旋在天上，口出恶言侮辱你。\n每回合造成微幅气损伤。可以为山猪抵挡一次暗器。
CombatSkill/Name/S122_1,拷打
CombatSkill/Desc/S122_1,拷打：无法使用[暗器]，[捅人]变化为[抽人]。\n可以同时伤害血跟气，但是伤害很低。\n愤怒时会失效。
CombatSkill/Name/S123,内功反震
CombatSkill/Desc/S123,内功反震：抓准时机，运功反震，受击时发动反击造成微幅伤害。
CombatSkill/Name/D028,醍醐软筋散
CombatSkill/Desc/D028,醍醐软筋散：药力沁入百骸，使不出半分力气，无法进行攻击。
CombatSkill/Name/C557,叶云裳
CombatSkill/Desc/C557,叶云裳《越调・凭栏人・偕老誓》：每回合我方气+3，血低于50%时，每回合恢复10%。
CombatSkill/Name/S124,栈道不稳
CombatSkill/Desc/S124,栈道不稳：轻功-20%。
CombatSkill/Name/S907,千变万化
CombatSkill/Desc/S907,千变万化：博览天下武学，每一回合会随机施展一组六派系统技能。
CombatSkill/Name/S125_1,分心
CombatSkill/Desc/S125_1,分心：[绝招]变成[保护云裳]。
CombatSkill/Name/S126,保护云裳
CombatSkill/Desc/S126,保护云裳：所受伤害+50%。
CombatSkill/Name/S127,养命丹
CombatSkill/Desc/S127,养命丹：体力+40。
CombatSkill/Name/S128,彼岸香
CombatSkill/Desc/S128,彼岸香：所有攻击皆会累积血毒60。
CombatSkill/Name/S129,胡椒粉毒
CombatSkill/Desc/S129,胡椒粉毒：压抑真气，使自身每回合气-2。
CombatSkill/Name/C929,叶云裳
CombatSkill/Desc/C929,叶云裳《与你同行》：所有伤害减半，每回合恢复毒麻累积值20。
CombatSkill/Name/S130,浩劫余生
CombatSkill/Desc/S130,浩劫余生：他刚被一群女人围殴过。
CombatSkill/Name/D029,骨折
CombatSkill/Desc/D029,骨折：伤害减少50%。
CombatSkill/Name/D030_1,点到为止
CombatSkill/Desc/D030_1,点到为止：敌方血低于30%，将不会使用绝招。
CombatSkill/Name/C930,赵逵
CombatSkill/Desc/C930,赵逵《地狱法王》：每回合造成中幅伤害，造成燃烧异常。敌方每回气-3，并有机率造成胆怯异常。
CombatSkill/Name/S9104_1,南宫护心诀Lv1
CombatSkill/Desc/S9104_1,南宫护心诀Lv1：可抵挡致命攻击，恢复20气力。
CombatSkill/Name/S9104_2,南宫护心诀Lv2
CombatSkill/Desc/S9104_2,南宫护心诀Lv2：可抵挡致命攻击，恢复30气力。
CombatSkill/Name/S9104_3,南宫护心诀Lv3
CombatSkill/Desc/S9104_3,南宫护心诀Lv3：可抵挡致命攻击，恢复40气力。
CombatSkill/Name/S9113,偕老誓
CombatSkill/Desc/S9113,偕老誓：可抵挡致命攻击，恢复100气力。
CombatSkill/Name/S9112,九转轮回
CombatSkill/Desc/S9112,九转轮回：可抵挡致命攻击，恢复100%血。
CombatSkill/Name/S2105_1_1,如意境Lv1
CombatSkill/Desc/S2105_1_1,如意境Lv1：自身拳掌提升10%。
CombatSkill/Name/S2105_2_1,如意境Lv2
CombatSkill/Desc/S2105_2_1,如意境Lv2：自身拳掌提升20%。
CombatSkill/Name/S2105_3_1,如意境Lv3
CombatSkill/Desc/S2105_3_1,如意境Lv3：自身拳掌提升30%。
CombatSkill/Name/S2105_4_1,如意境Lv4
CombatSkill/Desc/S2105_4_1,如意境Lv4：自身拳掌提升40%。
CombatSkill/Name/S2105_5_1,如意境Lv5
CombatSkill/Desc/S2105_5_1,如意境Lv5：自身拳掌提升50%。
CombatSkill/Name/S8125,同舟剑法
CombatSkill/Desc/S8125,同舟剑法：当连击数大于2时，绝招变成[同舟剑法]。
CombatSkill/Name/S8125_1,同舟剑法
CombatSkill/Desc/S8125_1,同舟剑法：当连击数大于2时，绝招变成[同舟剑法]，根据当前连击数影响伤害。当连击数大于12时，清除所有连击数。
CombatSkill/Name/S8126_1,第一极招
CombatSkill/Desc/S8126_1,第一极招：当连击数大于3时，绝招变成[第一极招]，根据当前连击数及轻功影响伤害。当连击数大于12时，清除所有连击数。
CombatSkill/Name/S8127_1,第二极招
CombatSkill/Desc/S8127_1,第二极招：当连击数大于3时，绝招变成[第二极招]，根据当前连击数影响伤害，额外造成气力伤害。当连击数大于12时，清除所有连击数。
CombatSkill/Name/S8128_1,第三极招
CombatSkill/Desc/S8128_1,第三极招：当连击数大于3时，绝招变成[第三极招]，根据当前连击数影响伤害。当连击数大于20时，清除所有连击数。
CombatSkill/Name/C558,南溪
CombatSkill/Desc/C558,南溪《七星剑法》：抵销[逆踏北斗七星]对我方的减伤效果，每回合造成一次中幅伤害。
CombatSkill/Name/S131,焚心大火印
CombatSkill/Desc/S131,焚心大火印：倒数结束时，牺牲一半血为代价，强行进入境界三，绝招变为「金刚神枪指」。
CombatSkill/Name/S131_1,金刚神枪指
CombatSkill/Desc/S131_1,金刚神枪指：必定使出绝招，造成超绝致命伤害。
