CombatInfo/curse,嘴攻：\n出口伤人的控制手段，可挫敌锐气，降低绝招伤害，\n使人投鼠忌器不敢轻举妄动，有时会激怒对方。
CombatInfo/stab,捅人：\n使用兵刃造成伤害，可强行压制嘴攻行动。\n根据性情，有时会因为把人捅出了血来，导致自己陷入恐慌。
CombatInfo/weapon,暗器：\n唐门拿手绝活，投掷暗器造成伤害，\n累积异常状态，可中断嘴攻、捅人行动。
CombatInfo/ultimate,绝招：\n消耗大量的气力，造成强大的伤害。\n<color=#FF0000>可中断捅人、暗器行动</color>
CombatInfo/block,备揍：\n做好挨揍的心理准备，减轻伤害，\n并有额外机率回避暗器或招架兵器。
CombatInfo/level0,寻常的你。
CombatInfo/level1,蓄势待发，不寻常的你。攻防微幅上升。
CombatInfo/level2,穷究武学，状态绝佳的你。攻防大幅上升。
CombatInfo/level3,臻入化境，超凡入圣的你。攻防超幅上升。
CombatInfo/hp,维持心脏跳动的神奇力量。
CombatInfo/mp,做点什么的勇气，每回合回复{0}点。
CombatInfo/dice,你所无法控制的那一部分，俗称运气。
CombatInfo/costMp,消耗气：{0}
CombatInfo/restoreMp,恢复气：{0}
CombatInfo/actionHitRate,命中\n{0:P0}
CombatInfo/actionTalking,嘴力\n{0}
CombatInfo/actionDodge,回避\n{0:P0}
CombatInfo/combo,{0}连击
CombatInfo/noDamage,毫发无伤
CombatInfo/displayHp,血{0}
CombatInfo/displayMp,气{0}
CombatInfo/miss,未命中
CombatInfo/parrySuccess,招架成功
CombatInfo/dodgeSuccess,回避成功
CombatInfo/enemyAttackIntension,敌人好像蠢蠢欲动
CombatInfo/enemyDefenseIntension,敌人好像有所防备
CombatInfo/getAngry,感到愤怒
CombatInfo/collapse,虚脱
CombatInfo/collapseAll,双方用尽全力，都感到虚脱。
CombatInfo/catchWeapon,接住暗器
CombatInfo/poison1,毒性累积值：{0}\n累积至50时造成「毒Lv1」异常状态。
CombatInfo/poison2,毒性累积值：{0}\n累积至100时造成「毒Lv2」异常状态。
CombatInfo/poison3,毒性累积值：{0}\n累积至150时造成「毒Lv3」异常状态，引发后清空累积值。
CombatInfo/paralyzed1,麻痹累积值：{0}\n累积至50时造成「麻Lv1」异常状态。
CombatInfo/paralyzed2,麻痹累积值：{0}\n累积至100时造成「麻Lv2」异常状态。
CombatInfo/paralyzed3,麻痹累积值：{0}\n累积至150时造成「麻Lv3」异常状态，引发后清空累积值。
CombatInfo/buff_1,暗器
CombatInfo/buff_2,技能
CombatInfo/buff_3,特殊
CombatAction/action,指令
CombatAction/curse,嘴攻
CombatAction/attack,捅人
CombatAction/weapon,暗器
CombatAction/block,备揍
CombatAction/ultimate,绝招
CombatAction/idle,闲置
CombatInfo/round,第 {0} 回合
CombatInfo/staminaLevel,境界‧{0}
CombatAction/block_001,一趾神通
CombatAction/block_002,归元
CombatAction/block_003,石灰粉
CombatAction/block_004,金钟罩
CombatAction/block_005,收势
CombatAction/block_006,枯荣神功
CombatAction/curse_001,战神语录
CombatAction/curse_002,核枣钉
CombatAction/curse_003,狮子吼
CombatAction/curse_004,苍龙吟
CombatAction/curse_005,虎啸吼
CombatAction/attack_001,反击
CombatAction/attack_002,犯剑
CombatAction/attack_003,舞剑
CombatAction/attack_004,追击
CombatAction/attack_005,夺魄幽灵爪
CombatAction/attack_006,雪山飞鸿爪
CombatAction/attack_007,抽人
CombatAction/weapon_001,打穴娟索
CombatAction/weapon_002,金刚神枪指
CombatAction/weapon_003,飞燕流星翎
CombatAction/ultimate_001,天罡伏魔剑
CombatAction/ultimate_002,太白仙迹
CombatAction/ultimate_003,猿王回风
CombatAction/ultimate_004,绝影奇袭
CombatAction/ultimate_005,铁臂飞拳
CombatAction/ultimate_006,阴阳夺
CombatAction/ultimate_007,点破云关
CombatAction/ultimate_008,云霄雷霆霹雳刀
CombatAction/ultimate_009,风雷神脚
CombatAction/ultimate_010,神雷
CombatAction/ultimate_011,保护云裳
CombatAction/ultimate_012,同舟剑法
CombatAction/ultimate_013,第一极招
CombatAction/ultimate_014,第二极招
CombatAction/ultimate_015,第三极招
