Credit/Header/Credit,制作群
Credit/Header/Producer,制作人
Credit/Header/GameDesign,游戏设计
Credit/Header/LevelDesign,关卡设计
Credit/Header/StatDesign,数值设计
Credit/Header/SystemDesign,系统设计
Credit/Header/Story,故事剧本
Credit/Header/ScriptEditor,文本编辑
Credit/Header/Program,程序
Credit/Header/Narrative,叙事设计
Credit/Header/StoryCharDesign,故事人物设计
Credit/Header/CombatChartDesign,决斗人物设计
Credit/Header/BattleCharDesign,战役人物设计
Credit/Header/SceneDesign,场景设计
Credit/Header/Picture,插画插图
Credit/Header/VFX,特效设计
Credit/Header/TechnicalArt,技术美术
Credit/Header/UIDesign,界面设计
Credit/Header/SoundProgram,音效程序
Credit/Header/External,外部协力
Credit/Header/3D_Art,3D 美术
Credit/Header/2D_Art,2D 美术
Credit/Header/CombatArt,决斗角色美术
Credit/Header/External2,九六伏绘工作室
Credit/Header/SceneArt,场景美术
Credit/Header/ParasStaff,Paras 工作室
Credit/Header/Project,项目统筹
Credit/Header/Animation,动画制作
Credit/Header/TestSupport,测试支持
Credit/Header/Music,音乐
Credit/Header/MusicComposer,作曲
Credit/Header/MusicWriter,编曲
Credit/Header/MusicOriginal,子夜寄君书原曲
Credit/Header/LocalizationKorean,韩文翻译 & QA
Credit/Header/Staff,工作人员
Credit/Header/SpecialThank,特别感谢
Credit/Header/ExternalTest,外部测试
Credit/Header/ExternalResource,外部资源
Credit/Header/FontResource,字体
Credit/Header/SoundResource,音效素材
Credit/Header/ArtResource,美术素材
Credit/Header/ThirdPartyResource,第三方资源
Credit/Header/ThankPlaying,感谢游玩
Credit/Header/Reinforcement,增援
Credit/Header/Marketing,营销
Credit/Header/SocialMarketing,社群营销
