Equip/Name/Melee_01,唐门小剑
Equip/Desc/Melee_01,唐门弟子人手一柄的标准配备。\n外型看似与脱手标相去不远，\n实则是柄机关剑，\n剑身中空，内有钢球。\n若非习练暗器总纲，等闲难以驾驭。
Equip/Name/Melee_10,唐门菁英小剑
Equip/Desc/Melee_10,根据图谱改良的新型武器，\n取消钢球设计，将刃身打造得极薄，\n平时收纳起来，临阵时以软鞭手法打出，\n出其不意，这也是一种暗器。
Equip/Name/Melee_11,切鱼刀
Equip/Desc/Melee_11,造型奇特、\n却极其锋利的东洋杀鱼刀。
Equip/Name/Melee_12,金钱剑
Equip/Desc/Melee_12,道士驱邪用的法器，\n没人会拿来与人搏斗，除了你。\n倒持的时候，\n是一柄出人意料的凶残钝器。
Equip/Name/Melee_20,唐门传承小剑
Equip/Desc/Melee_20,唐门承传至今的古老小剑，\n以现今弃用的方法铸造。\n将剑中钢球灌注水银，\n使重心无时不刻变动，\n须以内力制驭。\n如果能够熟练使用，可谓其变无穷。
Equip/Name/Melee_21,玉霄神匕
Equip/Desc/Melee_21,小梅爱用的匕首，\n乃是铁拳前掌门手把手带着小竹，\n为小梅打造的兵器。\n玉霄神是对梅花高洁品行的至高赞赏。
Equip/Name/Melee_22,沥泉小剑
Equip/Desc/Melee_22,岳王爷生前爱用的名枪，\n浇过英雄碧血，\n可昭浩然正气，\n破虏光复河山。\n天命会指引它，\n来到下一个英雄手中。
Equip/Name/Melee_30,唐门祖师剑
Equip/Desc/Melee_30,按造失传图谱重铸的祖师短剑，\n此剑是唐门小剑的祖宗，\n形无虚实，势无刚柔，\n执在掌中似剑而非剑，\n脱手可飞旋来去。\n江湖讹传御剑仙术之说，便是由此而生。
Equip/Name/Knife_01,脱手镖
Equip/Desc/Knife_01,江湖中人最常用的暗器，\n唐门弟子使飞镖时，\n常往镖身涂毒，纵使一镖射不死人，\n也可制伏敌人。
Equip/Name/Knife_10,铁橄榄
Equip/Desc/Knife_10,形似橄榄的暗器，\n又称核子钉、枣核箭，\n通常以手投掷伤人，亦有高手可以含入口中，\n以内力呵气发射。
Equip/Name/Knife_11,飞梭
Equip/Desc/Knife_11,打造得极为扁薄的银梭，\n唐门打造的飞梭尤其细小，\n不以杀伤力为目标，而是淬以毒药，\n威胁性丝毫不逊于利刃。
Equip/Name/Knife_12,袖里箭
Equip/Desc/Knife_12,藏在护腕里，掀动机关发射的暗器，\n为了掩饰护腕秘密，\n唐门中人使用袖箭时还是会假作挥掷姿势。
Equip/Name/Knife_20,飞煌石
Equip/Desc/Knife_20,路边掂来趁手的坚石皆能作为暗器，\n一股脑儿投出时有如飞蝗过境，\n因而得名，费用低廉，\n难以淬毒，纯以重量伤人。
Equip/Name/Knife_21,无形箭
Equip/Desc/Knife_21,无影无形，无声无兆，\n乍见锋芒，人已封喉。\n是唐门暗器总纲之中的终极暗器，\n真面目是近乎完全透明的琉璃玉镖，\n造价极其昂贵，其威力亦冠绝天下。
Equip/Name/Ball_01,鞭炮
Equip/Desc/Ball_01,以硝石、硫磺、碳合成，\n点燃引信掷出后，以霹雳火星伤人。
Equip/Name/Ball_10,神奇球
Equip/Desc/Ball_10,经唐门改良的法宝，只在命中目标时启动，\n展开绳网，将敌人收于袋中，\n同时致毒。时常用来打猎。
Equip/Name/Ball_11,流星箭
Equip/Desc/Ball_11,以护腕机括射出的箭雨，\n流星雨从天而降，故称流星箭。
Equip/Name/Ball_20,雷火弹
Equip/Desc/Ball_20,硫磺、焰硝、麻茹、黄蜡、松脂……等诸多种材料揉成的黑色药粉，\n一旦触地摩擦，就会瞬间引爆，\n威力强大，绝非闹着玩的。
Equip/Name/Trap_01,似草针
Equip/Desc/Trap_01,锻造成草状，涂成绿色的毒针，\n置于地面，使人难以辨识，\n惊觉的时候，往往便已着了道。\n此陷阱在我方近战弟子阵亡时原地安装。
Equip/Name/Trap_10,地鸣雷
Equip/Desc/Trap_10,以机关制造的小型机雷，\n中有雷火弹，置于地面，\n一旦踩中，便会爆炸。\n此陷阱在我方弟子阵亡时原地安装。
Equip/Name/Trap_11,猛火油柜
Equip/Desc/Trap_11,与四师兄箧笥有相近的变形机构，\n安装以后会回旋喷火。
Equip/Name/Poison_01,赤炼砂
Equip/Desc/Poison_01,唐门毒经所载，\n以赤炼蛇毒为基调的经典入门款。\n毒性虽烈，却非无药可救。
Equip/Name/Poison_10,乌水仙
Equip/Desc/Poison_10,唐门毒经所载，\n以黄水仙花的球根、草乌炼制的入门麻痹毒药。\n唐门弟子常以此毒涂于暗器，用来打野味。
Equip/Name/Poison_11,三阴虫草胶
Equip/Desc/Poison_11,唐门代表毒药之一，以三种阴毒虫草制成，\n兼具血毒、麻痹两种毒性，\n甚是厉害，适合涂抹在兵刃上伤敌。
Equip/Name/Poison_20,彼岸仙香
Equip/Desc/Poison_20,唐门一位医毒双绝的女前辈所研发的毒香，\n此香对常人有剧毒，\n却对身具胡椒粉的唐门中人有补益效果，\n甚是神妙，正心堂里所焚即为此香。
Equip/Name/Medi_01,南蝥礜石散
Equip/Desc/Medi_01,用毒虫、毒砂以醋淬煅七次制成的药散，\n味辛热，有蒜臭。\n常人服之五内俱焚，\n唐门弟子服之可以活血祛湿寒。
Equip/Name/Medi_02,穿心龙胆汤
Equip/Desc/Medi_02,用穿心莲、龙胆等药草熬汁炖煮的汤药，\n其苦非常人之所能受，药性之重业已成毒，\n常人服之心悸头疼，唐门弟子服之清热解渴。
Equip/Name/Medi_03,胡椒粉丸
Equip/Desc/Medi_03,把胡椒粉跟山药泥混在一起，\n炙烤成丸。有毒，但是好吃。
Equip/Name/Medi_04,乖乖水
Equip/Desc/Medi_04,可以让人变得听话的药水，\n喝了以后性情会变得温驯。
Equip/Name/Medi_05,睡丹
Equip/Desc/Medi_05,希夷老祖高卧华山，一睡不起，于睡中得道。\n采精神以为药，取静定以为火，\n心息相依，反璞归真。
Equip/Name/Medi_22,万灵油
Equip/Desc/Medi_22,唐门药典残方，出门必备灵药。\n气味清凉，嗅之可提神醒脑，\n夏可解暑、冬可点燃取暖，\n兑水喝可以治腹泻，\n抹在腕上可防蛇虺蚊蚋。\n天下疑难，此方解得十之八九
Equip/Name/Cloth_01,唐门制服
Equip/Desc/Cloth_01,唐门弟子的旧款制服，\n含护腕，但可动性很差，\n大家都不爱戴。\n制服里刻意缝了沙包，令弟子习惯负重，\n以此锻炼体魄。
Equip/Name/Cloth_10,护心镜
Equip/Desc/Cloth_10,往制服内里缝进铜镜，\n保护心脏要害，进一步变重了，\n与此同时，防护的效果也大幅上升了。
Equip/Name/Cloth_11,轻量化
Equip/Desc/Cloth_11,舍弃了沙包这等不人道设计的新型制服，\n大伙儿的步伐顿时轻快了许多，\n但是防御性能也趋近没有了。
Equip/Name/Cloth_20,密密缝
Equip/Desc/Cloth_20,青衫有缺，蓝衣来补。\n用师父袍子衣料缝补的破衣，\n不仔细看的话青蓝两色不分彼此，\n说是雪山派弟子的制服也不为过。
Equip/Name/Cloth_21,纸甲
Equip/Desc/Cloth_21,将韧性极强的树皮和棉混合，\n以唐门药水浸泡，\n经过反复垂打而成。\n虽然是纸，但层层堆栈，\n异常结实，遇水更韧，\n利刃飞矢亦不能轻易洞穿，\n而且远较寻常铁甲轻盈。
Equip/Name/Cloth_22,牛皮制服
Equip/Desc/Cloth_22,叶云裳参详青城剑法，\n为你改良的制服。\n在诸要害处缝上牛皮，\n不妨碍活动，\n却能有效预防意外发生。
