Facility/Name/001,外堡
Facility/Name/002,茶肆
Facility/Name/003,药铺
Facility/Name/004,温泉
Facility/Name/005,义田
Facility/Name/006,练功塔
Facility/Name/007,饭店
Facility/Title/AddMoney,+{0:0}两
Facility/Title/Disable,尚未赎回
Facility/Effect/001_1,【效果】+50两
Facility/Effect/001_2,【效果】
Facility/Effect/001_3,【效果】
Facility/Effect/001_4,【效果】
Facility/Effect/002_1,【效果】+30两
Facility/Effect/002_2,【效果】
Facility/Effect/002_3,【效果】
Facility/Effect/002_4,【效果】
Facility/Effect/003_1,【效果】+30两
Facility/Effect/003_2,【效果】
Facility/Effect/003_3,【效果】
Facility/Effect/003_4,【效果】
Facility/Effect/004_1,【效果】+30两
Facility/Effect/004_2,【效果】
Facility/Effect/004_3,【效果】
Facility/Effect/004_4,【效果】
Facility/Effect/005_1,【效果】+30两
Facility/Effect/005_2,【效果】
Facility/Effect/005_3,【效果】
Facility/Effect/005_4,【效果】
