Flag/Name/H00001,青城派好感度
Flag/Name/H00002,全真教好感度
Flag/Name/H00003,峨嵋派好感度
Flag/Name/H00004,崆峒派好感度
Flag/Name/H00005,嵩山派好感度
Flag/Name/H00006,点苍派好感度
Flag/Name/H01001,南宫世家好感度
Flag/Name/H01002,锦香宫好感度
Flag/Name/H01003,上官世家好感度
Flag/Name/H02001,丐帮好感度
Flag/Name/H02002,飞石帮好感度
Flag/Name/H02003,泥教好感度
Flag/Name/M60018,叶云裳学琴
Flag/Name/M70051,设陷阱
Flag/Name/M70056,飞石帮
Flag/Name/M70065,龙湘的勇气
Flag/Name/M70066,叶云裳设陷阱
Flag/Name/M80003,小师妹
Flag/Name/M80008,小师妹
Flag/Name/M81000,丐帮
Flag/Name/M81001,丐帮
Flag/Name/M81002,青城派
Flag/Name/M81003,青城派
Flag/Name/M81004,峨嵋派
Flag/Name/M81005,嵩山十八铜人
Flag/Name/M81006,锦香宫支援
Flag/Name/M81007,连环火箭
Flag/Name/M81008,沧帮的背叛
Flag/Name/M81009,四师兄的阴损伎俩
Flag/Name/M81010,邹博
Flag/Name/M81011,画中仙
Flag/Name/M81012,小梅
Flag/Name/M82000,丐帮
Flag/Name/M82001,丐帮
Flag/Name/M82002,南宫世家
Flag/Name/M82003,上官世家
Flag/Name/M82004,全真派
Flag/Name/M82005,崆峒派
Flag/Name/M82006,崆峒派
Flag/Name/M82007,嵩山派
Flag/Name/M82008,点苍派
Flag/Name/M82009,锦香宫
