Misc/Name/0000,测试杂物
Misc/Desc/0000,测试杂物
Misc/Name/0001,唐门改良金创药
Misc/Desc/0001,唐门改良金创药
Misc/Name/0002,唐门金创药
Misc/Desc/0002,唐门金创药
Misc/Name/0003,狼毒散
Misc/Desc/0003,狼毒散
Misc/Name/0004,健胃药
Misc/Desc/0004,健胃药
Misc/Name/0005,无效健胃药
Misc/Desc/0005,无效健胃药
Misc/Name/1001,岁月欺霜残盒
Misc/Desc/1001,岁月欺霜残盒
Misc/Name/2001,黄酒
Misc/Desc/2001,四师兄从山下酒家打来，兑水抬价卖给师兄弟们的廉价酒。\n喝了心情会变好，但是喝多不太健康。
Misc/Name/2002,茅台酒
Misc/Desc/2002,产自贵州，酱香型大曲白酒，气味芳香浓郁，\n一瓶能顶两次喝，够劲儿赞。
Misc/Name/2003,烧刀子
Misc/Desc/2003,不调味、酒气浓烈，似火烧，故得此名。\n是百姓的酒，是天下万民的酒。
Misc/Name/2004,苏合香酒
Misc/Desc/2004,相传为宫廷御用的药酒，与苏合香同煮，融其效于酒水中，能安顺五气之气，极为名贵。\n此酒是四师兄历时数月，冒着被官府追缉的风险与同伙私酿的，只敢卖熟人。
Misc/Name/2005,羊羔酒
Misc/Desc/2005,起源于汉魏，兴盛于唐宋之间的高级酒。\n《东京梦华录》有云：色泽白莹，入口绵甘，是以羊羔肉、木香、杏仁等药材入锅煮烂，与黍米同酿而成。能健脾胃、益腰身、大捕元气。
Misc/Name/2006,猴儿酒
Misc/Desc/2006,猴儿酒
Misc/Name/3001,纳溪梅岭
Misc/Desc/3001,产于四川泸县的名茶。\n总是在地最早采摘摘的茶业，每年除夕前煮上，作为年夜茶。\n这茶买来，是你闲来自饮的。
Misc/Name/3002,蒙顶露芽
Misc/Desc/3002,产于四川蒙山顶的名茶。\n蒙顶石花是前朝第一名茶，蒙山茶又称仙茶，世代入贡。\n这茶买来，是你闲来自饮的。
Misc/Name/3003,峨嵋雪芽
Misc/Desc/3003,盛产于峨嵋山云深雾缠处的四川名茶。\n香气清新馥郁，茶汤明亮淡雅，又名「雪香」、「清明香」。\n这茶买来，是你闲来自饮的。
Misc/Name/4001,龙象豹力子丹
Misc/Desc/4001,崆峒铁拳门秘传灵药「龙象豹力丹」，传说服之能生龙象之力，开天辟地。\n这枚是炉底残渣搓成的子丹，母丹被小竹吃了。
_Misc/Name/4101,养命丹
_Misc/Desc/4101,李大夫祖传密方，\n无病可延年益寿，即令是弥留之人，\n服之亦能吊住一口气，此丹虽然灵验，\n却须花费数十载方得炼成，\n你以药典改良，虽得速成，\n效果却大打折扣。
Misc/Name/4101,南蝥礜石散
Misc/Desc/4101,用毒虫、毒砂以醋淬煅七次制成的药散，味辛热，有蒜臭。\n常人服之五内俱焚，唐门弟子服之可以活血祛湿寒。
Misc/Name/4102,穿心龙胆汤
Misc/Desc/4102,用穿心莲、龙胆等药草熬汁炖煮的汤药，其苦非常人之所能受，药性之重业已成毒，常人服之心悸头疼，唐门弟子服之清热解渴。
Misc/Name/4103,胡椒粉丸
Misc/Desc/4103,把胡椒粉跟山药泥混在一起，炙烤成丸。有毒，但是好吃。
Misc/Name/4104,乖乖水
Misc/Desc/4104,可以让人变得听话的药水，喝了以后性情会变得温驯。
Misc/Name/4105,睡丹
Misc/Desc/4105,希夷老祖高卧华山，一睡不起，于睡中得道。\n采精神以为药，取静定以为火，心息相依，反璞归真。
Misc/Name/4106,万灵油
Misc/Desc/4106,唐门药典残方，出门必备灵药。\n气味清凉，嗅之可提神醒脑，夏可解暑、冬可点燃取暖，兑水喝可以治腹泻，抹在腕上可防蛇虺蚊蚋。\n天下疑难，此方解得十之八九。
Misc/Name/4500,降真香
Misc/Desc/4500,又名紫檀香，道士开坛请神、作醮、科仪皆用此香。\n青城降真香配方乃当代掌门邹博独门研制，焚之有调养性情，增益修行的效果。
Misc/Name/5001,甘蔗
Misc/Desc/5001,后山砍来的甘蔗，闲时啃一根清凉消暑。\n请不要在床上吃，会弄得到处黏黏的长蚂蚁。
Misc/Name/5002,烤鱼
Misc/Desc/5002,山溪里捉来的鱼，\n一度因为唐门弟子滥捕几乎绝迹。\n唐门弟子变少了以后，此鱼的香火又鼎盛了起来。
Misc/Name/5003,肉馅馒头
Misc/Desc/5003,宋国的馒头，是有馅儿的，与包子的区分就是皮的薄厚、馅的多寡罢了。\n馒头可能有各种口味，但这颗是猪肉包子，因为四师兄酷爱肥滋滋的猪肉，吃来满嘴油花。\n很香，吃的时候经常令旁人垂涎。
Misc/Name/5004,肉干
Misc/Desc/5004,方便保存的干粮。\n有时是炙鸡、有时是鹿脯、獐豝、猪肉。\n吃起来风味不同，滋味也过得去，没赶上饭点的时候可以充饥。
Misc/Name/5005,姜记肉包
Misc/Desc/5005,传说中的姜记肉包，好吃到不行。
Misc/Name/5006,中药蜜饯
Misc/Desc/5006,唐芳之姐发明的甜点，以川贝母、枇杷叶、甘草、白芍、蜂蜜、桔梗、三阴虫草胶所腌渍的蜜饯，不仅有清热止血的功效，常用于治疗喉咙痛、咳嗽等症状，而且还很好吃，哄骗小孩的利器，二师兄孩提时候曾因此蛀牙。
Misc/Name/5007,盐腌山猪肉
Misc/Desc/5007,用唐门赤炼砂盐腌的山猪肉，\n味辛而咸香，很有嚼劲\n，有一股原始而质朴的风味，但是有毒。
Misc/Name/5008,豆沙包
Misc/Desc/5008,揉以甜豆馅中和苦味的药包子，叶云裳咬了一口。
Misc/Name/5009,湘妃鱼糕
Misc/Desc/5009,相传是女英所创，因为娥皇想吃鱼却怕刺，故以鱼糜混以蛋清、蜂蜜、糯米粉，蒸煮成糕。江陵无羡居的鱼膏尤为名贵，价格不斐。\n四师兄送你的这一块，是从地上捡到的，沾了灰尘，还发霉。
Misc/Name/6001,接骨草
Misc/Desc/6001,接骨草
Misc/Name/6002,海芋的茎
Misc/Desc/6002,海芋的茎
Misc/Name/7001,折价卷
Misc/Desc/7001,折价卷
Misc/Name/7002,色纸
Misc/Desc/7002,四师兄知道这笔买卖绝对不会失败。\n唐门里必定会有人买下这件事物，送给小师妹。\n不论是你或是谁都可以，四师兄不在意你们的儿女情长，他只在意他自己。
Misc/Name/7003,磨喝乐
Misc/Desc/7003,时下流行的玩具，在京师贵人口里谓之磨喝乐，源自梵文音译。\n但在你西蜀乡下，就朴实的称作泥孩儿。\n以土、木为材料做成的玩偶，栩栩如生。
Misc/Name/7100,失败木剑
Misc/Desc/7100,叶云舟应外堡孩童要求所削的木剑，因为不太熟练，所以削得像狗啃，惨不忍睹。
Misc/Name/7101,木剑
Misc/Desc/7101,叶云舟应外堡孩童要求所削的木剑，削得多了自然掌握诀窍，因此变得熟练了一点，可以削出笔直的剑形了。
Misc/Name/7102,听云木剑
Misc/Desc/7102,叶云舟应外堡孩童要求所削的木剑，最近削出心得来了。\n不仅学会用工具，还有闲心雕花，做成了听云剑的造型。
Misc/Name/7200,龙湘的碎银
Misc/Desc/7200,龙湘被偷走的盘缠。
Misc/Name/7300,金念珠
Misc/Desc/7300,金念珠
