Library/Title/10000,砍死
Library/Desc/10000,被砍了以后，就流血，然后死掉。
Library/Title/10001,摔死
Library/Desc/10001,重力与地面连手谋杀了你。
Library/Title/10002,我憎恶着人间，一如人间憎恶我
Library/Desc/10002,生命有不可承受之轻，心伤到绝地，\n了无生趣，死有何惧呢？
Library/Title/10003,毒死
Library/Desc/10003,中毒而死。
Library/Title/10004,爆头
Library/Desc/10004,你的脑壳爆掉了，场面异常血腥。
Library/Title/10005,谁也别想欺负我小师妹
Library/Desc/10005,你为了捍卫小师妹，挺身而出作了一回英雄，\n纵使不为人知，亦死而无憾。
Library/Title/10006,屁力焦蛙
Library/Desc/10006,从来没见过这种歹毒的武功，佩服佩服，失敬失敬。
Library/Title/10007,我在唐门谷底
Library/Desc/10007,以肉酱的形式。
Library/Title/10008,搞失踪
Library/Desc/10008,你搞失踪，而且大家都找不到你。\n无所谓，根本没人在意你的感受。
Library/Title/10009,小师妹的制裁
Library/Desc/10009,小师妹心地善良，等闲不会取人性命的，\n你一定做了什么天理不容的事情。
Library/Title/10010,围殴致死
Library/Desc/10010,围殴致死
Library/Title/10011,一刀两断
Library/Desc/10011,你竟会分身。
Library/Title/10012,谋财害命
Library/Desc/10012,不单惨遭杀害，钱财也被洗劫一空。
Library/Title/10013,活活打死
Library/Desc/10013,比武过招，受伤在所难免，对方本来没想取你性命，\n但是你揍起来手感太好，不小心就多打了两百多拳，\n怎知你中途就没气了，不关我的事哇。
Library/Title/10014,自食恶果
Library/Desc/10014,一山不容二虎，飞天门只能有一个神仙下凡，\n你来世向人吹嘘可得谨慎说法。
Library/Title/10015,被情敌杀死
Library/Desc/10015,被忌妒若狂的情敌杀死。
Library/Title/10016,含冤莫白
Library/Desc/10016,你死的不明不白，\n直到瞑目都不知对方杀意何来。
Library/Title/10017,被烫死
Library/Desc/10017,你一时不慎，被人推倒在沸腾的热水锅中，\n还因被点穴爬不起来，被活活烫死。
Library/Title/10018,杀人灭口
Library/Desc/10018,你撞见了不应被目击的事件与人物，惨遭灭口。
Library/Title/10019,爆体而亡
Library/Desc/10019,某种东西满出来了。
Library/Title/10020,山中法度
Library/Desc/10020,你死于崆峒派不讲理的规矩。
Library/Title/10021,乱战中被践踏而死
Library/Desc/10021,你死就死，却害人踩了你扭伤脚，好不缺德。
Library/Title/10022,被公报私仇活活踩死
Library/Desc/10022,平时就让你好好做人了。
Library/Title/10023,小梅的千里追杀
Library/Desc/10023,说到底，你最初就不应该得罪这个人的。
Library/Title/10024,假掰致死
Library/Desc/10024,像那种别脚的谎言，轻易出口可是要付出代价的。\n性命诚可贵，但你的比较便宜。
Library/Title/10025,被马踩死
Library/Desc/10025,被马踩死
Library/Title/10026,妨碍别人谈恋爱被打死
Library/Desc/10026,你迫使别人割舍了一段深挚感情，\n难道还期待人家对你手下留情？
Library/Title/10027,被吵架情侣拳剑合璧打死
Library/Desc/10027,打死了你之后，他们就和好了。
Library/Title/10028,被炼死
Library/Desc/10028,你被投入炉中，活活炼死。\n制成的丹药投入江中喂鱼。
Library/Title/10029,清理门户
Library/Desc/10029,你这唐门叛徒，死有余辜。
Library/Title/10030,斗殴致死
Library/Desc/10030,你与人当街斗殴致死，属于斗杀，\n情节较轻，又因江湖纷争，\n官府睁一只眼闭一只眼，所以犯人没受惩罚，\n打死了你这无名小卒，晚饭一样吃得很香。
Library/Title/10031,被鸡腿杀死
Library/Desc/10031,在高手眼里，随手一草一木都能当作克敌制胜的兵器，\n何况是鸡腿呢？你死去以后，被后人嘲笑了八百多年。
Library/Title/10032,被龙湘误杀
Library/Desc/10032,龙湘作梦都想不到，你竟会接不住这剑。
Library/Title/10033,烂死
Library/Desc/10033,你武功实在太差，大师兄还以为你应付得来，\n结果想救都来不及。
Library/Title/10034,分身而死
Library/Desc/10034,左边归她，右边归她。\n大家都有，感情才不会散。
Library/Title/10035,被愤怒的铁匠槌死
Library/Desc/10035,被愤怒的铁匠槌死。
Library/Title/10036,被女飞贼埋伏刺杀
Library/Desc/10036,被女飞贼埋伏刺杀。
Library/Title/10037,被小梅刺杀
Library/Desc/10037,你不曾见过比她眼底更深的晦暗。
Library/Title/10038,遭到连累而死
Library/Desc/10038,今天本来不是你的死期，你只是受到波及。
Library/Title/10039,人为财死
Library/Desc/10039,一场因为金钱纠纷引发的凶杀案。
Library/Title/10040,遭人活活压死
Library/Desc/10040,唐门的重担，你终究扛不起，你是一根被骆驼压死的稻草。
Library/Title/10041,丧家之犬的末路
Library/Desc/10041,你没有家。你很早以前就死了，残喘至今的，\n不过是一具没有灵魂的躯壳罢了。
Library/Title/10042,恶贯满盈
Library/Desc/10042,你半生行恶，不是不报，你的时候已到了。
Library/Title/10043,逃跑失败被处决
Library/Desc/10043,逃跑失败被处决。
Library/Title/10044,江湖仇杀令．崆峒
Library/Desc/10044,你这崆峒之敌终于恶贯满盈，伏诛而死。
Library/Title/10045,恐惧而死
Library/Desc/10045,你没能战胜内心的恐惧，任由那不真实的幻影无边无际扩散，\n令你无法喘息，最终被掐停了呼吸。
Library/Title/10046,为虎作伥
Library/Desc/10046,多行不义必自毙，没点本事，连坏人都没得当。
Library/Title/10047,卷入别人的恩怨而死
Library/Desc/10047,本来不关你的事，你自找的。
Library/Title/10048,上官萤的制裁
Library/Desc/10048,这位姑娘气急败坏，将你一阵狂殴，\n岂料打着打着你就不会动了。
Library/Title/10049,被下马威随手杀死
Library/Desc/10049,庸俗的坏人要给下马威，经常随手杀几个喽啰路人，\n以此彰显自己心狠手辣。于是你被杀了。
Library/Title/10050,点苍剑下亡魂
Library/Desc/10050,你该知道点苍唐门素有旧仇，既然刀剑相向，\n拿命为人新添一笔剑下功业，应属无怨无尤。
Library/Title/10051,自尽死
Library/Desc/10051,生命诚可贵，你怎么会有这种疯狂的想法？
Library/Title/10052,高手过招被波及而死
Library/Desc/10052,你就像那些不经打的家具一样脆弱不堪，\n碰你两下就四分五裂。
Library/Title/10053,蒙古大夫你
Library/Desc/10053,大夫嘱咐你静养可不是说笑的，\n你非要自创一套说词在那边乱动，\n这下可好，你永远不必动了。
Library/Title/10054,被太阳晒死
Library/Desc/10054,二师兄研发的血毒令你死于阳光直晒。\n后世称其此状为紫质症。
Library/Title/10055,被海盗喂鱼死
Library/Desc/10055,鱼若有灵必很怒：\n「不要什么垃圾都往海里倒！」
Library/Title/10056,被雷劈死
Library/Desc/10056,你以为你赢了，其实你是输家。
Library/Title/10057,咎由自取
Library/Desc/10057,身为反派应该有自觉，\n自己撞在正派人士手里，无异于送头。
Library/Title/10058,命如草芥
Library/Desc/10058,你失去的只是一条命，\n别的英雄少年失去的可是他的脚趾甲啊！\n就算他脚趾甲跟你无关，你也不能这么自私博取关注啊！
Library/Title/10059,被誤殺而死
Library/Desc/10059,比武過招本就有風險，\n人一激動起來，就很難拿捏分寸，\n不小心多打了兩百多拳，請多擔待一下。
Library/Title/10060,被盗版逼到没有活路
Library/Desc/10060,你很努力，吃足苦头活到今天。\n但假货根本不在意你感受，他弄死了你，\n代替你享受你应得的福报。
Library/Title/10061,食物中毒死
Library/Desc/10061,唐门弟子服毒练功稀松平常，\n普通毒物尝着至多就味儿呛点，\n然而这锅不是普通毒物。
Library/Title/10062,累死
Library/Desc/10062,人力有时穷尽，你该掂量掂量自己的余力。
Library/Title/10063,捉拿江洋大盗被反杀
Library/Desc/10063,杀了你之后，江洋大盗的悬赏金攀至新高峰，\n然而这并不是什么值得夸耀的事，又不是嫌命太长。
Library/Title/10064,出身未捷身先死
Library/Desc/10064,你判断失误，带着师兄弟全军覆没于道中。
Library/Title/10065,被道士当妖怪误杀
Library/Desc/10065,何方妖孽，纳命来！\n什么，是人？妈的，这下糟了。
Library/Title/10066,含恨而死
Library/Desc/10066,不是所有的冤屈都能雪洗，人间总是不公平。
Library/Title/10067,被揍死
Library/Desc/10067,被揍死。
Library/Title/10068,自找死路
Library/Desc/10068,你自找的，但起码你有一饱眼福啊。
Library/Title/10069,溺死
Library/Desc/10069,你变得皱巴巴的。
Library/Title/10070,眼睛睁睁看你死
Library/Desc/10070,夏侯兰冷眼看你犯蠢自杀，\n她可不想承认自己教过你这么个愚蠢又丢人的弟子。
Library/Title/10071,被猪拱死
Library/Desc/10071,山猪把你给活活撞死了。
Library/Title/10072,小菜之死
Library/Desc/10072,你只是一碟小菜，而且卖相很差。
Library/Title/10073,与花合葬
Library/Desc/10073,夏侯兰抱着你的尸身，低声浅唱摇篮曲。\n将你放入墓穴，自己也跳了进去，与雪山先烈合葬。
Library/Title/10074,随便死
Library/Desc/10074,夏侯兰杀光了敌人，转头才发现你死在地上。
Library/Title/10075,找死
Library/Desc/10075,被你找到了。
Library/Title/10076,看不顺眼被杀
Library/Desc/10076,没啥深仇大恨，不过你长得碍眼，\n所以人家不想让你活了。
Library/Title/10077,莽撞而死
Library/Desc/10077,你丧生在上官隼刀下，随你而来的师弟妹们，\n一个也没能活着生离风雨山。
Library/Title/10078,天地无声
Library/Desc/10078,软弱的正义发不出任何声响，\n你的控诉被喧嚣掩没，深埋尘埃之下。
Library/Title/10079,被人借刀杀死
Library/Desc/10079,你死在南宫浅手里，南宫浅死在唐门手里，\n唐门毁在南宫世家手里，冤冤相报何时了？
Library/Title/10080,泄愤不成反被杀
Library/Desc/10080,世上多的是不讲理的事，这便是不自量力的下场。
Library/Title/10081,跟黑暗大法师一样
Library/Desc/10081,因为你不光明的行径，故称黑暗。\n因为你宛如施展法术般玩弄时间与人心，故称大法师。\n你负了几人，就被分成几半。
Library/Title/10082,殉情
Library/Desc/10082,你快步追上了小梅，小梅又好气又好笑，\n希望你下次别再那么冲动了。
Library/Title/10083,被吓死
Library/Desc/10083,太可怕了。
Library/Title/10084,被蛇咬死
Library/Desc/10084,身为唐门弟子，却被毒蛇咬死，\n非但无人同情，反而令人发噱。
Library/Title/10085,被肉包噎死
Library/Desc/10085,你眼看对方人多势众，打不过，\n抓了几个肉包塞嘴里便跑，有道是天理昭昭\n，报应不爽，你给包子活活噎死了。\n路过的狗从你嘴里挖出包子吃掉。
Library/Title/10086,黑吃黑失败
Library/Desc/10086,真正的废物，连抢个劫都办不到。\n对，说的就是你。
Library/Title/10087,被卖艺人的毒蛇咬死
Library/Desc/10087,蛇见了你，心里害怕，\n为了自保才咬你的。
Library/Title/10088,公报私仇杀
Library/Desc/10088,就算他南宫深不要的人，也轮不到你染指！\n去死吧！
Library/Title/10089,偷吃被老丈人砍死
Library/Desc/10089,你又没啥好希罕的，老丈人对你压根不需要容忍，\n剁碎了喂狗，再给女儿找个更好更俊的。
Library/Title/10090,六亲不认的胖子
Library/Desc/10090,每个人都有逆鳞，四师兄的逆鳞长得像铜钱。
Library/Title/10091,假死变真死
Library/Desc/10091,装死的风险请参阅江湖鬼蜮录。
Library/Title/10092,功成名将的脚下枯骨
Library/Desc/10092,杀了你，江湖少侠的经验值增加了。\n将来他还会杀掉很多像你这样的喽啰，\n并且获得金钱与道具。
Library/Title/10093,被惊恐的师姊妹失手打死
Library/Desc/10093,大半夜你不吱声就先露脸，是想吓死谁？\n你活该啦！
Library/Title/10094,快剑封喉
Library/Desc/10094,叶家兄妹卸下了肩上重担，但盼能够投胎到好人家。\n而你个畜生自然要去到畜生道。
Library/Title/10095,降魔不成反被降
Library/Desc/10095,史书由胜者书写，赢家说的才算话。\n你会输，只因为正义必胜！受死吧邪魔歪道！
Library/Title/10096,全家餐
Library/Desc/10096,狼把你拖走吃了，全家中毒而亡。
Library/Title/10097,败寇之死
Library/Desc/10097,赢的才是大侠，死掉的只是尸体。
Library/Title/10098,走路不看路而死
Library/Desc/10098,千万不要倒退走路，除非你腚子开了眼。
Library/Title/10099,手贱而死
Library/Desc/10099,有没有人告诉过你别胡乱开别的抽屉？
Library/Title/10100,被反震而死
Library/Desc/10100,他都没有出手，你就已经倒下了。
Library/Title/10101,狼的宵夜
Library/Desc/10101,狼对你的滋味给予好评。
Library/Title/10102,护花死者
Library/Desc/10102,你生前没屁用，\n好歹尸身腐朽之后，化作春泥尚能护花。
Library/Title/10103,吸毒死
Library/Desc/10103,你都知道有剧毒，还吸，你到底有什么毛病？
Library/Title/10104,传说之下
Library/Desc/10104,千面人魔的传说，更添一笔。
Library/Title/11000,忽然就死了
Library/Desc/11000,
Library/Title/20000,回疆隐居
Library/Desc/20000,你唯恐被二师兄追杀，因此逃离唐门，远避回疆避祸，被苗人壮女逼婚，婚后多子多孙。可你始终郁郁寡欢，未满四旬(四十岁)便无疾而终。
Library/Title/20001,毁灭性声波攻击
Library/Desc/20001,对于世界而言，你来得太早了。你的歌声(咆哮)唤醒了人们沉寂在心底的黑暗情感，使死亡金属音乐提前九百年降临在人间。
Library/Title/20002,青春的尾声，梦想的残渣
Library/Desc/20002,你送别了梦想，成为大人，此后便不再做梦了。你听闻过他们的音讯，那些旧日时光却像前世一样遥远，难以追回。
Library/Title/20003,唐门叛徒
Library/Desc/20003,你背叛了唐门。你说，是为了生存，为了荣华富贵，但内心深处，你知道自己背叛了那份比血还浓的师徒情。
Library/Title/20004,独善其身
Library/Desc/20004,比起师门，你选择保全自身，转身逃跑了。纵使无可厚非，你却到老也难以释怀，时时梦见旧事，便热泪盈眶。
Library/Title/20005,睡死
Library/Desc/20005,人世最苦莫过于独自清醒，愿君好梦安息。
Library/Title/20006,孤独死
Library/Desc/20006,万籁俱寂，天地无声，你终于找到了安宁。
Library/Title/20007,被煮的狗
Library/Desc/20007,兔死狗烹，你这走狗已经没有用了。用张大饼就能骗得你团团转，可真划算。
Library/Title/20008,竹之城
Library/Desc/20008,你托人弄来了竹苗，在岛上种了一片竹林，自称城主，在竹林围绕之下享天年而终。
Library/Title/20009,退隐江湖
Library/Desc/20009,离江湖纷扰，悠悠隔世，往后余生有如笔墨在纸上写下的日记，平淡无奇，日复一日，但每一天都不是虚度。你真实的活过，你自己记得。
Library/Title/20010,魂归故里
Library/Desc/20010,欢迎回家。
Library/Title/20011,孤独终老
Library/Desc/20011,你身边的花盛开又谢，来去匆匆，而你始终孤独。
Library/Title/20012,西游记
Library/Desc/20012,你远赴西域，寻了稳妥营生，学当地的语言与风尚礼节，花钱买了妻子，到老没生大病，临终亦有儿女侍疾，该算是美满才对啊……。
Library/Title/20013,天下寂寥事，与君阔别时
Library/Desc/20013,仗剑天涯之远，惯看寂寞颜色。天下之大，谁也换不了她开颜浅笑。活该一生煎熬，来赎她眼泪。
Library/Title/20014,天下寂寥事，与君阔别时
Library/Desc/20014,仗剑天涯之远，惯看寂寞颜色。天下之大，谁也换不了她嫣然一笑。活该一生煎熬，来赎她眼泪。
Library/Title/20015,猿鹤虫沙
Library/Desc/20015,《抱朴子》曰：「周穆王南征，一军尽化，君子为猿为鹤，小人为虫为沙。」死后尽归黄土。
Library/Title/20016,盲剑客
Library/Desc/20016,你瞎眼之后，龙湘十分愧疚，将一身剑法传授给你。你一度凭此扬名于江湖，但是几年以后碰上了狡猾小人，设陷阱害你踏空，随后将你活埋了。
Library/Title/20017,被关到老
Library/Desc/20017,你的后半生都在牢里度过，日复一日都面对同一堵墙。往事既遥远又鲜明，回过神来也已经离你好远好远了。
Library/Title/20018,流浪汉
Library/Desc/20018,浪迹天涯说得潇洒，说穿便是流浪汉罢。你没有家。
Library/Title/20019,入无穷之门，游无极之野
Library/Desc/20019,道可道，非常道。\n你所悟越深，能言越少，终至万籁俱寂，天地无声。\n你没有留下足迹，不施不欠，就像自始自终不曾存在。
Library/Title/20020,退隐江湖
Library/Desc/20020,你封剑退隐，一生不再与人动武，活到天命之年。\n偶尔有人对你友善，但有更多的人无端厌恶你、仇视你、嘲讽你。\n恶意无处不在，离了江湖亦然，人间就是这样。
Library/Title/20021,恩仇的尽头
Library/Desc/20021,你的怒火将天边的云霞都烧得通红。报了恩，也报了仇。\n恩怨皆成灰，席卷上天，随风远去。
Library/Title/20022,宦海浮沉
Library/Desc/20022,你学会官场交际，对上逢迎拍马，对下蛮横无情。\n就是面目丑恶，只要权势够大，一样没人敢说你闲话。\n只是那些噤若寒蝉的人们、那些终生不来看望你的江湖旧友，心底有没有瞧不起你，那就难说了。
Library/Title/20023,赶海人
Library/Desc/20023,你一相情愿认为她被溪水冲走了，循着岷江穿流一路向东，直到海边，可是那里也没有她的身影。你每日都看着海，日渐苍老，悔不当初。
Library/Title/20024,退隐江湖
Library/Desc/20024,你退隐之后，江湖故事再也不闻不问。\n波澜都在头先廿载，余生不受盛名所牵。你来过，你走了，也许没人在意，可是你自己晓得。
Library/Title/20025,山中老人
Library/Desc/20025,你老年被称为山中老人，是天下暗杀者的老祖宗。\n千面人魔的传说还在延续，恐惧笼罩这片大地。
Library/Title/20026,世外桃源
Library/Desc/20026,往昔恩怨随风散，岁月悠悠不染尘，你俩的余生既慢且好。
Library/Title/20027,血河刀
Library/Desc/20027,江湖人利欲熏心，无人猜得到你不怀好意。\n你用这把刀给唐门报了仇，未斩一人，刀下已伏尸千万，血流成河。
Library/Title/20028,再世庞统
Library/Desc/20028,深谋远虑是假，只有其貌不扬是真的。\n拜你所赐，唐门的冤屈得以平反，虽然大家各散东西，却都扬眉吐气。
Library/Title/20029,山林隐逸
Library/Desc/20029,你俩是隐居的雅士，反正这个时代配不上你们，不妨孤芳自赏、独善其身，晴时耕牧雨读书，夏赏荷花冬赏雪，不也畅怀？
Library/Title/20030,传说之人
Library/Desc/20030,世人众说纷纭，都想知道那位头戴人皮面具的前辈高人是何方神圣，然而，你那天根本没戴面具。
Library/Title/20031,殉志而死
Library/Desc/20031,这一路太长太远，本来就强人所难，你已经足够努力了。
Library/Title/20032,全军覆没
Library/Desc/20032,是日，唐门叛逆全歼于眉山，无一幸还。大院外堡付之一炬，功过皆化乌有。你们活过，只是谁也不记得了。
Library/Title/20033,行尸走肉
Library/Desc/20033,你活着，却已死了很久。\n夏侯兰后悔那日不该绑着你，让你多受几十年煎熬。
Library/Title/20034,慷慨就义
Library/Desc/20034,你有路可活，可你非要做那唐门弟子，笑看生杀，慷慨赴义。
Library/Title/20035,唐门的暗器
Library/Desc/20035,人死如灯灭，你们燃尽了生命之火，还以颜色。\n几十年后，世人依然记得唐门绝响。
Library/Title/20036,唐门薪火
Library/Desc/20036,世上再无唐门，可是薪火不曾断绝。有你和小师妹，以及你们未来的家人。\n唐门最初是一家人，最后仍是一家人。唐家香火，还将继续传承。
Library/Title/20037,神州旅人
Library/Desc/20037,你们的旅行，从出发那一日就没停过，走到哪儿玩到哪，她出钱，你卖命，拜访过旧友，又不吝情去留，绕遍神州大地，足迹止于昆仑山。
Library/Title/20038,富甲一方
Library/Desc/20038,托上官萤故，赵家成为富甲一方的大户人家。\n上官萤渐渐把生意交给你，自己执掌中馈。\n身为贤妻良母，她从来不打小孩，倘若小孩犯了错，就打你。
Library/Title/20039,小梅私藏
Library/Desc/20039,小梅平时贤慧温柔，只是一受刺激就会犯病将你放倒蹂躏。她曾持刀把方圆百里所有女子都恐吓过一遍，警告她们不许靠近你。
Library/Title/20040,千古名匠
Library/Desc/20040,你和小竹造出了精妙绝伦的机关人，藏于池水之下，因为机关构造过于复杂，不得不造得大些，分为人、狮、鹰，可以合体。\n如此成就，足以青史留名，但你们唯恐机关人遭到恶用，最终还是决定毁去。
Library/Title/20041,隐世大儒
Library/Desc/20041,你夫妻有风骨而不骄衿。\n文士雅士、贩夫走卒都无任欢迎。\n谈笑有鸿儒，往来亦不拒白丁，士农工商皆可为友，平等尊敬认真生活的每个人。
Library/Title/20042,失宠
Library/Desc/20042,有了孩子以后，夏侯兰冰冷的心终于化了，而你也失宠了。\n她专心相夫教子，经常庆幸孩子像她不像你，也不许你打骂小孩，极端宠腻。\n为了孩子能有良好的教育，某天出门活捉了魏菊回家担任夫子。
Library/Title/20043,鸡腿大亨
Library/Desc/20043,龙渊悄悄来看过你们，一度气得眼冒金星，想想自己也没啥出息，索性就由着你们。\n反正轰轰烈烈的活、平平安安的过，同样是一生。你的岳丈对你要求不多，不用你管天下苍生，只要保护自己家人，只做她的英雄足矣。
Library/Title/20044,最后的唐门弟子
Library/Desc/20044,你打算尽可能活久一点，要是连你都没了，世上就再也没人记得唐门了。
Library/Title/20045,相声二人组
Library/Desc/20045,你们有时甚至不必准备剧本，随口说话就能引人发笑，你长得越奇怪反而越受欢迎，这才知道原来相声是你的天职。在这领域，你比大师兄还受欢迎，拥有他嫉妒不来的才能。
Library/Title/20046,君所愿兮江湖行
Library/Desc/20046,终于轮你当主角，你的谢幕可歌可泣，世上无人再敢看轻你。
Library/Title/20047,武林传奇
Library/Desc/20047,耕阳读书斋将你的事迹编撰成书，发行于市。\n唐门活侠的大名一朝传遍中原，无人不知、无人不晓。\n你的名字，从今往后便是传说，受万人崇敬。
Library/Title/20048,丧家之犬
Library/Desc/20048,你有一间房子可以遮风挡雨，但已没有故乡能够回去。
Library/Title/20049,峨嵋弟子
Library/Desc/20049,你成为峨嵋弟子，享受和旁人一样的待遇与义务。\n以武林一员的身份参与了几件武林大事，无功无过，老了退隐。
Library/Title/20050,窝囊死
Library/Desc/20050,被这无情世道以乱拳加身，你的心比身体还要短寿，老早就死了。
Library/Title/20051,苟且偷生
Library/Desc/20051,你的骨气打从骨头断掉的那一刻，就烟消云散了。
Library/Title/20052,划地为牢
Library/Desc/20052,谁也没留你，你却不舍走远。终你一生，困守于她坟前，流泪忏悔，可她怎会答应？
Library/Title/20053,与妳同行
Library/Desc/20053,无论几度轮回，都愿为她跋涉冥河，穿越地狱。
Library/Title/30000,命中有数
Library/Desc/30000,尽管未必如意，能够坦然走到这里，也很了不起。
Library/Award/30000,开启二周目要素\n上旬+1\n命运+2
Library/Title/30001,师门砥柱
Library/Desc/30001,你从此刻脱胎换骨，像你从前望着大师兄，师弟妹们也信赖你。
Library/Title/30002,烦人修仙
Library/Desc/30002,你没学会仙术，倒是越来越会吹牛。
Library/Award/30002,
Library/Title/30003,懦夫救星
Library/Desc/30003,谁不想成为命运宠儿，出手掀翻天地，回家妻妾成群。但你还得活着，必须清醒。
Library/Award/30003,
Library/Title/30004,人间道
Library/Desc/30004,普天之下，唯有唐门敢与世俗成见为敌，所以温夫人将未来托付予你。
Library/Award/30004,
Library/Title/30005,自恋
Library/Desc/30005,你不是没有人爱的，起码你爱你自己，你表现的很好。
Library/Award/30005,
Library/Title/30006,一心一意
Library/Desc/30006,你挨过需要借口的年纪，认定了心上人，就至死不渝。
Library/Award/30006,
Library/Title/30007,野心勃勃
Library/Desc/30007,有梦想不是坏事，但人要务实。
Library/Award/30007,
Library/Title/30008,揍我
Library/Desc/30008,武林盟主和千面人魔留在你身上的伤，就是你光荣的印记。
Library/Award/30008,
Library/Title/30009,崭露头角
Library/Desc/30009,你在崆峒大试大出风头，要不是脸，说不定老婆都有了。
Library/Award/30009,
Library/Title/30010,这是我家
Library/Desc/30010,我哪里也不去。
Library/Award/30010,
Library/Title/30011,分身
Library/Desc/30011,你曾经那么受欢迎过，应该死而无憾了吧？
Library/Award/30011,
Library/Title/30012,雪山派大弟子
Library/Desc/30012,兼，掌门伴侣。
Library/Award/30012,
Library/Title/30013,唐门女婿
Library/Desc/30013,千防万防，家贼难防，想不到是你！
Library/Award/30013,
Library/Title/30014,忘忧侠侣
Library/Desc/30014,走遍四方，行侠仗义，她爱煞了你的英雄气概。
Library/Award/30014,
Library/Title/30015,最后的暗器
Library/Desc/30015,不可防御，无法回避，直撼心灵。
Library/Award/30015,中旬+1
Library/Title/30016,武林传奇
Library/Desc/30016,你成遂了儿时梦想，证明天弃如你，努力不懈也能有出息。
Library/Award/30016,开启命运收束之力
Library/Title/30017,飞侠归来
Library/Desc/30017,他固有他的机缘，但若无你，飞侠归来便遥遥无期。
Library/Award/30017,下旬+1
Library/Title/30018,魔王的爪牙
Library/Desc/30018,你是她的心腹，她是你心肝。
Library/Award/30018,
Library/Title/30019,恶人自有恶人磨
Library/Desc/30019,区区晁和，无耻无脑，哪里恶得过她？
Library/Desc/40000,你和小师妹结为夫妻，外出旅游。\n都说唐门千金冷若冰霜，不苟言笑，\n可是游人见她在你身畔，总是笑口常开。
Library/Desc/40001,你和龙湘结为侠侣，行走江湖，任侠四方。\n夫妻俩经常切磋，有时你胜她，有时她胜你。\n输的人负责张罗晚饭，餐餐有鸡腿，\n无论输赢，都如胶似漆。
Library/Desc/40002,你和夏侯兰回到大雪山，重建雪山派。\n不久夏侯兰诞下一子，忽然变成慈母，\n往昔暴戾之气荡然无存。\n对你也是千依百顺。\n于是来年又生了一个女儿，子女都像娘亲。
Library/Desc/40003,云裳与你执手游江南，乘舟听雨眠。\n有你纵着宠着，她有恃无恐，\n劣迹斑斑，到老不曾消停，此生完满无憾。\n在这礼教森严的时代，没有父母之命，\n不凭媒妁之言，所以厮守，纯粹投缘。
