Position/Name/Mall,正心堂
Position/Name/Center,练功场
Position/Name/Room1,男弟子房
Position/Name/Room2,女弟子房
Position/Name/Alchemy,炼丹房
Position/Name/Forge,锻冶场
Position/Name/Kitchen,伙房
Position/Name/Door,大门
Position/Name/BackMountain,后山
Position/Name/Study,讲经堂
Position/Name/Secret,神秘房子
Position/Name/Downtown,闹市
Position/Name/Fortress,外堡
Position/Name/Teashop,茶肆
Position/Name/Pharmacy,药铺
Position/Name/Farm,义田
Position/Name/Spa,温泉
Position/Name/Tower,练功塔
Position/Name/Section_01_01,飞天殿
Position/Name/Section_01_02,夺魄森林
Position/Name/Section_01_03,铁拳巷
Position/Name/Section_01_04,玄功洞
Position/Name/Section_01_05,夺魄峰
Position/Name/Section_01_06,无色广场
Position/type/work,工作
Position/type/free,自由
Position/type/talk,闲聊
Position/title/incense,焚香．掌灯
Position/title/meditate,静坐冥想
Position/title/alchemy,炼丹．制药
Position/title/pickwood,挑柴
Position/title/training,修练
Position/title/sweep,扫除
Position/title/practice,团练
Position/title/transaction,行商
Position/title/forge,打铁．锻造
Position/title/voyeur,埋伏
Position/title/origami,折纸鹤
Position/title/cook,掌厨
Position/title/sleep,休息
Position/title/book,庶务
Position/title/housekeeper,管家
Position/desc/housekeeper,顾名思义，上至收租，下至打扫，一手包办。
Position/title/teashop,茶博士
Position/desc/teashop,兼任茶工、火工、抬水人三份工作，当然只有一份薪水。
Position/title/doctor,坐诊
Position/desc/doctor,在药铺里替人切诊、问症抓药的工作。
Position/title/spa,温泉
Position/desc/spa,祛寒健身纾缓身心。\n虽然每日都泡一会儿，但这回是专程去泡烂自己。
Position/title/farm,耕耘
Position/desc/farm,顶着大太阳，到义田去耕作，知晓民生辛苦，心会变得沉稳踏实。
Position/title/challenge,挑战
Position/desc/challenge,与同门师兄弟齐心协力血战唐门机关塔！\n因为挑战完大家都会伤痕累累，所以一个月限定一次。
Position/title/write,读书
Position/desc/write,在玄功洞外层向民众开放的读书区借阅书册，增进学识、品德。
Position/title/walk,逛街
Position/desc/walk,上街胡乱花钱，消散压力，虽然不健康，但很有效。
Position/title/casino,赌场
Position/desc/casino,没几个人发家致富，多的是倾家荡产，但天真的羊牯依然前仆后继。
Position/title/arena,擂台
Position/desc/arena,在擂台上靠打架赚钱。
Position/title/immortal,修仙
Position/desc/immortal,登我飞天门，皆是求仙人。\n打坐习练崆峒仙法，追求白日飞升，突破三界外，不在五行中。
Position/title/training2,修练
Position/desc/training2,对你心怀歧视，即使低声下气求教，亦无人搭理，反遭嘲弄。你只能孤伶伶自个儿寻个静僻处，练你自己的。
Position/title/chess,下棋
Position/desc/chess,在夺魄峰铁棋岭下棋，这可是要赌钱的。
Position/title/forge2,打铁．锻造
Position/desc/forge2,在崆峒大铁铺锻打铁器、制作民生用品，变售赚取钱财。
Position/title/training3,修练
Position/desc/training3,在师父的指点下习练武功。
Position/title/brother2,二师兄
Position/title/brother3,三师兄
Position/title/brother4,四师兄
Position/title/sister1,小师妹
Position/title/girl5,虞小梅
Position/title/girl6,夏侯兰
Position/title/girl7,郁竹
Position/title/girl8,魏菊
Position/desc/incense,焚香点茶，伴读伺候师长的轻松工作。\n耳濡目染可以沾染几分风雅气息，却算不上什么功劳。
Position/desc/meditate,静坐冥想，吐纳本门特制香烟。\n净空思虑，安定身心，对涵养功夫颇有帮助。
Position/desc/alchemy,研制毒药承传师门技艺、调配家常备药下山变售，维持生计。
Position/desc/pickwood,前往后山砍柴，挑回师门供用。\n不但辛苦，且栈道年久失修，每回都教人走得心惊胆跳。
Position/desc/training,掩人耳目，躲起来偷偷修练武功。
Position/desc/sweep,练功场地是平时最多人活动的地方，需要时时清扫、打磨石面保养。
Position/desc/practice,参与团练，强健体魄，挥洒汗水青春，增进同门情谊。
Position/desc/transaction,携带丸药、菜刀锄头等独家商品，下山变售，采买日用品与杂货。\n耗时较久，且常要餐风露宿、沐雨栉风。
Position/desc/forge,锻打铁器、制作民生用具，变售维持师门生计。
Position/desc/voyeur,(非法)担任小师妹的保护者，在女弟子房窗下从早待到晚。
Position/desc/origami,从前小师妹也爱折纸鹤，如今物是人非。\n你见不到她的面，唯有折纸鹤聊以慰藉。
Position/desc/cook,下厨烧菜煮饭，通常没人会跟你抢锅铲，\n菜式全取决于你的心血来潮。
Position/desc/sleep,休息是为了走更长远的路。\n不过适度休息叫做放假，没有节制的休息叫做偷懒。
Position/desc/book,填不满的家计，敲不停的算盘，操不完的心。\n随时可能过劳死的三师兄需要你的鼎力相助。
Position/desc/brother2,好像有谁在……？
Position/desc/brother3,好像有谁在……？
Position/desc/brother4,好像有谁在……？
Position/desc/sister1,好像有谁在……？
Position/desc/girl5,好像有谁在……？
Position/desc/girl6,好像有谁在……？
Position/desc/girl7,好像有谁在……？
Position/desc/girl8,好像有谁在……？
MiddleMenu/Meet,唐门会议
MiddleMenu/GoOut,外出
MiddleMenu/Talk,休憩
MiddleMenu/SectionFree01,崆峒日常
MiddleMenu/SectionFree02,青城日常
MapPosition/Name/001,唐门
MapPosition/Name/002,点苍
MapPosition/Name/003,青城
MapPosition/Name/004,峨嵋
MapPosition/Name/005,全真
MapPosition/Name/006,崆峒
MapPosition/Name/007,嵩山
MapPosition/Name/008,六道峡
MapPosition/Name/009,江陵
MapPosition/Name/010,江陵府
MapPosition/Name/011,襄阳
MapPosition/Name/012,南阳
MapPosition/Name/013,锦香宫
MapPosition/Name/014,南嵩山
MapPosition/Name/015,福建
MapPosition/Name/016,雪山
MapPosition/Name/017,火焰山剑阁
Position/Dialog/Kitchen_001,烧几道好菜拢络人心吧。
Position/Dialog/Door_001,下山去采买生活必需品。\n可以透透气是不错，可是往往一去就多日不能回来。
Position/Dialog/GirlRoom_001,为了不被发现，必须从大白天就伏在女弟子房外悬崖边上守株待兔。\n等到入了夜，小师妹就会在窗边折纸鹤。\n我没打算做坏事，我只是想听她的呼吸声！
Position/Dialog/GirlRoom_002,如果不是明亮的白天，我一靠近女弟子房，\n就会被师姊妹们不由分说的围殴痛扁。
Position/Dialog/Room_001,我今天不想工作。\n我压力很大！
Position/Dialog/Back_001,为唐门上下打足明日用的柴薪与日常用水。\n没有人想做这苦差事，因为很累。\n此外栈道陡峭，为了不摔死必须步步为营，跑多几趟说不定轻功会变好，呵。
Position/Dialog/Mall_001,在正心堂担任值日生，只需要做一些简单的风雅工作。\n非但不会造成心理负担，还可以修身养性。\n不过老是挑这种轻松的活，会惹人眼红的。
Position/Dialog/Alchemy_001,到不见天日的炼丹房去供人差遣吧。
Position/Dialog/Center_001,由于练习用的暗器装有墨水的缘故，\n所以无论清扫得多干净，每日早操完之后铁定会变很脏乱。\n总得有人把环境整理好的。
Position/Dialog/Study_001,当三师兄的助手，协助处理门中大小杂务。\n兼任讲经堂藏书管理员，专司出借纪录。\n闲暇时也可以自己翻翻书，挺好的。
Position/Dialog/Forge_001,到热死人的锻冶场去供人差遣吧。
Position/Dialog/M0000_01_001,该做什么好呢？
Position/Dialog/M0000_01_002,突然地位变高了，反倒不太自在。\n倒不如照平时，该干什么干什么，日子照过吧。
Position/Dialog/M0001_001,今天真是累坏了，总之先歇吧。
Position/Dialog/M0003_001,快去校场做早操吧。
Position/Dialog/M0006_001,万一被人慰留恐怕会动摇，所以不告而别。
Position/Dialog/M2003_01_001,准备出发夔州吧。
Position/Dialog/M2003_02_001,去找二师兄吧。
Position/Dialog/M2004_01_001,该出发前往南宫世家了。
Position/Dialog/M3001_02_001,赶紧去炼丹房吧！
Position/Dialog/M3001_03_001,赶进下山找人吧！
Position/Dialog/M5001_00_001,前往正心堂参加会议吧，三师兄在等我。
Position/Dialog/M6003_01_001,三师兄要沐浴焚香，斋戒三日，上祷唐家祖宗。\n我先去干点别的事吧。
Position/Dialog/Mall_7_5_2_001,去向掌门磕头，熄了正心堂的灯火吧。
Position/Dialog/Alchemy_7_5_2_001,炼丹房经年不灭的火，今日终于要熄了啊。
Position/Dialog/Center_7_5_2_001,好多砖瓦都裂了，修了坏，坏了又修，这地方实在太古老了。
Position/Dialog/Forge_7_5_2_001,再也不用敲敲打打了。
Position/Dialog/Study_7_5_2_001,关于唐门的事，总该写下来，流传下去才好。
Position/Dialog/Kitchen_7_5_2_001,唐门的饭菜没比寻常人家香，只是往后不免要怀念。
Position/Dialog/Back_7_5_2_001,去一趟后山，拜祭大师兄吧。
Position/Dialog/Room_7_5_2_001,从前总嫌通铺挤，以后却没那么热闹了。
Position/Dialog/GirlRoom_7_5_2_001,师姊妹们离此去，将来不知何处安身。
Position/Dialog/Door_7_5_2_001,我这就走了吗……？
Position/Dialog/Mall_2_4_8_001,正心堂有掌门镇守，匪人再怎么狂也不至于去送死吧？\n我去守正心堂，会不会太矫情了点？
Position/Dialog/Center_2_4_8_001,练武场……需要有人守吗？我该躲哪儿？登柱后面？
Position/Dialog/Kitchen_2_4_8_001,四师兄要是人在，一定会守伙房。\n匪人奇袭伙房是能干麻？糟蹋我们储粮？
Position/Dialog/Room_2_4_8_001,我还是别进去讨打了，师兄一点没有想让我说话的意思，\n嘴里说着一样的话，拳头就挥过来了。
Position/Dialog/Room_2_4_8_002,我才刚被赶出来……又要进去讨骂？
Position/Dialog/Forge_2_4_8_001,锻冶场中不少机关暗器，匪人会觊觎也不奇怪。
Position/Dialog/Back_2_4_8_001,敌人可能绕路从后山来，倒是不得不防。
Position/Dialog/GirlRoom_2_4_8_001,女弟子房轮得到我来担心吗？
Position/Dialog/Alchemy_2_4_8_001,炼丹房虽为重中之重，但二师兄既然在家，就不必旁人多事了吧。
Position/Dialog/Study_2_4_8_001,讲经楼曾遭祝融之祸，没多少武功藏书，但也是唐门要地。\n想来镇守其中的，必有三师兄在列。
Position/Dialog/Door_2_4_8_001,或者我还是不淌这滩浑水了，想也知道没有回报。\n唐门有我没我都无所谓，一个不好我连小命都赔掉也没人惋惜。\n……不如提一盏灯笼就此下山去吧。
Position/Dialog/M2010_02_001,累了，回房盥洗就睡吧。
Position/Name/Section_02_01,常风观
Position/Name/Section_02_02,上清宫
Position/Name/Section_02_03,青城山镇
Position/title/training4,修练
Position/desc/training4,青城传功长老指点弟子武功，你可以从旁请教。
Position/title/walk2,散步
Position/desc/walk2,人家风景漂亮，阴阳三十六峰，无一处不绝，得去走走。
Position/title/cultivate,修真
Position/desc/cultivate,修真者，当受正一之箓，行天心正法，去伪存真。
Position/title/out1,道士下山
Position/desc/out1,正一盟威之誓，道士当以降妖除魔为己任！
Position/title/forge3,打铁．锻造
Position/desc/forge3,这里不是你家，到铁铺借槌子得要花钱。
Position/title/doctor2,坐诊
Position/desc/doctor2,帮惯性迟到的唐芳当一会儿坐堂大夫，诊金算你的。
