PlayerStat/money,银两
PlayerStat/life,体力
PlayerStat/stamina,内力
PlayerStat/dexterity,轻功
PlayerStat/charisma,魅力
PlayerStat/literacy,学问
PlayerStat/mental,心相
PlayerStat/fate,命运
PlayerStat/disposition,性情
PlayerStat/behaviour,处世
PlayerStat/training,修养
PlayerStat/karma,道德
PlayerStat/talking,嘴力
PlayerStat/fame,名声
PlayerStat/people,门人
PlayerStat/team,向心
PlayerStat/faction,门派规模
PlayerStat/weapon,锻造
PlayerStat/poison,炼丹
PlayerStat/contribution,贡献度
PlayerStat/internal,阴阳
PlayerStat/change-heart,变心
PlayerStat/action,行动次数
PlayerStat/action2,行动
PlayerStat/poison-resistance,抗毒
PlayerStat/paralysis-resistance,抗麻
PlayerStat/martial-point,武学
PlayerStat/assets,门派资产
PlayerStat/m-sword,刀剑
PlayerStat/m-projectile,暗器
PlayerStat/m-fist,拳掌
PlayerStat/m-leg,腿法
PlayerStat/m-odd,奇门
PlayerStat/m-soft,软兵器
PlayerStat/m-stick,枪棍
PlayerStat/m-internal,内功
PlayerStat/poison-value,毒药
PlayerStat/paralysis-value,麻痹
PlayerStat/confucianism,儒学
PlayerStat/taoism,道学
PlayerStat/buddhism,释学
PlayerStat/xingyi,形意拳
PlayerStat/relationship,好感度
PlayerStat/default-battle-hp,门人血量
PlayerStat/battle-people,门人数量
PlayerStat/lover,心上人
PlayerStat/combat-attack,攻击
PlayerStat/combat-defence,防御
PlayerStat/combat-ultimate,绝招
PlayerStat/combat-attack-dice,爆发
PlayerStat/combat-weapon,暗器威力
PlayerStat/combat-weapon-dice,暗器爆发
PlayerStatDesc/life,影响生命、绝招威力（小）。
PlayerStatDesc/stamina,影响攻击力(中)、绝招威力(中)、战役回气速度。
PlayerStatDesc/dexterity,影响回避机率、绝招威力（中）、战役移动速度。
PlayerStatDesc/m-sword,影响攻击力(大)。
PlayerStatDesc/m-fist,影响攻击力(小)、影响防御(大)。
PlayerStatDesc/m-projectile,影响暗器的威力、爆击。
PlayerStatDesc/poison-resistance,影响血毒的抗性、代谢率。
PlayerStatDesc/paralysis-resistance,影响神经毒的抗性、代谢率。
PlayerStatDesc/talking,说话的才能，影响嘴攻效果。
PlayerStatDesc/literacy,学习所得的知识。
PlayerStatDesc/charisma,你所没有的某种东西。
PlayerStatDesc/mental,影响锻冶、炼丹、修练活动成功率。
PlayerStatDesc/weapon,锻造点数。[锻冶场使用]
PlayerStatDesc/poison,炼丹点数。[炼丹房使用]
PlayerStatDesc/people,门派的门人数量。
PlayerStatDesc/fame,门派的名声。
PlayerStatDesc/team,门派的向心力。
PlayerStatDesc/assets,门派的资产。
PlayerStatDesc/martial-point,武学点数。[修练秘籍使用]
PlayerStatDesc/combat-attack,攻击：基础杀伤力。
PlayerStatDesc/combat-defence,防御：备揍减伤率、格档率。
PlayerStatDesc/combat-ultimate,绝招：绝招的威力。
PlayerStatDesc/combat-attack-dice,爆发：影响攻击的骰子。
PlayerStatDesc/combat-weapon,暗器：暗器的威力。
PlayerStatDesc/combat-weapon-dice,爆发：影响暗器的骰子。
PlayerStatDesc/poison-value,暗器击中毒药累积值。
PlayerStatDesc/paralysis-value,暗器击中麻痹累积值。
StatLevel/karma01,恶棍
StatLevel/karma02,坏人
StatLevel/karma03,中庸
StatLevel/karma04,好人
StatLevel/karma05,侠客
StatLevel/disposition01,懦夫
StatLevel/disposition02,谨慎
StatLevel/disposition03,中庸
StatLevel/disposition04,勇敢
StatLevel/disposition05,莽夫
StatLevel/behaviour01,矫情
StatLevel/behaviour02,知礼
StatLevel/behaviour03,中庸
StatLevel/behaviour04,豪爽
StatLevel/behaviour05,粗鲁
StatLevel/training01,疯狂
StatLevel/training02,暴躁
StatLevel/training03,中庸
StatLevel/training04,沉着
StatLevel/training05,君子
StatLevel/mental01,忧郁
StatLevel/mental02,平静
StatLevel/mental03,快乐
StatLevel/internal01,老阴
StatLevel/internal02,少阴
StatLevel/internal03,调和
StatLevel/internal04,少阳
StatLevel/internal05,老阳
