Story/M_Add_Misc_0001,获得《唐门改良金创药》
Story/M_Add_Misc_2001,获得《酒》
Story/M_Add_Misc_2002,获得《茅台酒》
Story/M_Add_Misc_2006,获得《猴儿酒》
Story/M_Add_Misc_4001,獲得《龙象豹力子丹》
Story/M_Add_Misc_4101,获得《南蝥礜石散》
Story/M_Add_Misc_4102,获得《穿心龙胆汤》
Story/M_Add_Misc_4103,获得《胡椒粉丸》
Story/M_Add_Misc_4104,获得《乖乖水》
Story/M_Add_Misc_4105,获得《睡丹》
Story/M_Add_Misc_4106,获得《万灵油》
Story/M_Add_Misc_4500,获得《降真香》
Story/M_Add_Misc_5001,获得《甘蔗》
Story/M_Add_Misc_5004,获得《肉干》
Story/M_Add_Misc_5005,获得《姜记肉包》
Story/M_Add_Misc_5006,获得《中药蜜饯》
Story/M_Add_Misc_5007,获得《盐腌山猪肉》
Story/M_Add_Misc_5008,获得《豆沙包》
Story/M_Add_Misc_5009,获得《湘妃鱼糕》
Story/M_Add_Misc_7100,获得《失败木剑》
Story/M_Add_Misc_7101,获得《木剑》
Story/M_Add_Misc_7102,获得《听云木剑》
Story/M_Add_Misc_7200,获得《龙湘的碎银》
Story/M_Add_Misc_7300,获得《金念珠》
Story/M_Remove_Misc_2001,失去《酒》
Story/M_Remove_Misc_7200,失去《龙湘的碎银》
Story/M_Add_Special_1000,获得《小师妹的香囊》
Story/M_Add_Special_1001,获得《大师兄的涂鸦》
Story/M_Add_Special_1002,获得《夏侯兰的发带》
Story/M_Add_Special_1003,获得《上官萤的发簪》
Story/M_Add_Special_1004,获得《龙湘的发簪》
Story/M_Add_Special_1005,获得《叶云裳的梳子》
Story/M_Add_Special_2001,获得《机巧飞蝗》
Story/M_Add_Special_2002,获得《崆峒磨喝乐》
Story/M_Add_Special_2003,獲得《小竹按摩券》
Story/M_Add_Special_2004,获得《文房四宝》
Story/M_Add_Special_4001,获得《切鱼刀》
Story/M_Add_Special_4002,获得《无形箭》
Story/M_Add_Special_4003,获得《乌蚕宝衣》
Story/M_Add_Special_4005,获得《唐门传承小剑》
Story/M_Add_Special_4006,获得《密密缝》
Story/M_Add_Special_4007,获得《连环火箭图纸》
Story/M_Add_Special_4011,获得《金钱剑》
Story/M_Add_Special_4012,获得《牛皮制服》
Story/M_Add_Special_4013,获得《沥泉枪头》
Story/M_Add_Special_6001,获得《五彩龙砂丹》
Story/M_Add_Special_6002,獲得《九泉丹方》
Story/M_Add_Special_6003,获得《还虚丹》
Story/M_Add_Special_6004,获得《睡丹药方》
Story/M_Add_Special_6005,获得《万灵油药方》
Story/M_Remove_Special_2005,移除《发簪》
Story/M_Add_Book_1010,获得秘笈《掷石问天》
Story/M_Add_Book_1030,获得秘笈《金钟罩》
Story/M_Add_Book_1020,获得秘笈《拈花指法》
Story/M_Add_Book_2000,获得秘笈《云霄雷霆霹雳刀》
Story/M_Add_Book_2002,获得秘笈《翻浪刀法》
Story/M_Add_Book_2004,獲得秘笈《鸳鸯拳剑谱》
Story/M_Add_Book_2005,獲得秘笈《斩天黑翼双龙剑》
Story/M_Add_Book_2006,获得秘笈《孔夫子剑》
Story/M_Add_Book_2007,獲得秘笈《柴刀八斩法》
Story/M_Add_Book_2008,獲得秘笈《八门锁金刀》
Story/M_Add_Book_2009,獲得秘笈《三五斩妖剑》
Story/M_Add_Book_2011,获得秘籍《盘古开天破》
Story/M_Add_Book_2300,获得秘笈《点苍剑谱》
Story/M_Add_Book_2301,获得秘笈《同舟剑谱》
Story/M_Add_Book_2302,获得秘笈《云裳剑法》
Story/M_Add_Book_2303,获得秘笈《点苍棒法》
Story/M_Add_Book_2400,获得秘笈《太白仙迹》
Story/M_Add_Book_2401,获得秘笈《全真天遁剑法》
Story/M_Add_Book_3000,获得秘笈《苦恼拳》
Story/M_Add_Book_3001,获得秘笈《太祖长拳》
Story/M_Add_Book_3002,获得秘笈《揍狗拳》
Story/M_Add_Book_3010,获得秘笈《酩酊玄剑掌》
Story/M_Add_Book_3020,获得秘笈《五毒秘录》
Story/M_Add_Book_4001,获得秘笈《金刚腿》
Story/M_Add_Book_4002,获得秘笈《很是用力踢》
Story/M_Add_Book_4003,获得秘笈《蛇兔鹰猿搏》
Story/M_Add_Book_4004,获得秘笈《玄玄如意指》
Story/M_Add_Book_4005,获得秘笈《那由它劫指》
Story/M_Add_Book_4006,獲得秘笈《雷神脚》
Story/M_Add_Book_4008,獲得秘笈《蛇形拳》
Story/M_Add_Book_4009,獲得秘笈《清峰三十六路》
Story/M_Add_Book_4010,获得秘笈《历战血书》
Story/M_Add_Book_4020,获得秘笈《逍遥游腿法》
Story/M_Add_Book_4030,获得秘笈《八荒夺路逃》
Story/M_Add_Book_4040,获得秘笈《阿摩搪墙拳》
Story/M_Add_Book_6001,获得秘笈《罗汉拳谱》
Story/M_Add_Book_6002,获得秘笈《飞天脚》
Story/M_Add_Book_6003,获得秘笈《仙鹤迷踪拳》
Story/M_Add_Book_6004,获得秘笈《无影爪》
Story/M_Add_Book_6005,获得秘笈《铁臂神拳》
Story/M_Add_Book_6006,获得秘笈《白猿通臂拳》
Story/M_Add_Book_6007,获得秘笈《夺魄幽灵爪》
Story/M_Add_Book_6008,获得秘笈《登云踏．望月》
Story/M_Add_Book_6009,获得秘笈《雪山飞鸿爪》
Story/M_Add_Book_6010,獲得秘笈《千刀万剐杀》
Story/M_Add_Book_6011,獲得秘笈《赤脚神通》
Story/M_Add_Book_6012,獲得秘笈《八仙指》
Story/M_Add_Book_7001,获得秘笈《莲花落》
Story/M_Add_Book_7002,获得秘笈《全真剑法》
Story/M_Add_Book_7003,獲得秘笈《烈火禅》
Story/M_Add_Book_7004,获得秘笈《杨家练兵操》
Story/M_Add_Book_7005,获得秘笈《龙吟功》
Story/M_Add_Book_7006,获得秘笈《混元童子气》
Story/M_Add_Book_7007,获得秘笈《巫山洞府九宝图》
Story/M_Add_Book_7008,获得秘笈《铁琵琶功》
Story/M_Add_Book_7009,获得秘笈《焚心火印》
Story/M_Add_Book_7010,获得秘笈《雪山心法》
Story/M_Add_Book_7011,获得秘笈《玄烛心经》
Story/M_Add_Book_7012,获得秘笈《南宫心法》
Story/M_Add_Book_7013,获得秘笈《龙渊七绝》
Story/M_Add_Book_7014,获得秘笈《逐浪诀》
Story/M_Add_Book_7015,获得秘笈《无为丹法》
Story/M_Add_Book_7016,获得秘笈《虎啸功》
Story/M_Add_Book_7017,获得秘笈《枯荣神功上卷》
Story/M_Add_Book_7018,获得秘笈《阴阳夺》
Story/M_Add_Book_8003,獲得秘笈《雪球教战守则》
Story/M_Add_Book_8004,获得秘笈《十八种奇兵锻法杂记》
Story/M_Add_Book_8005,获得秘笈《江湖鬼蜮录》
Story/M_Add_Book_8006,获得秘笈《江湖鬼蜮录．续》
Story/M_Add_Book_8008,获得秘笈《南宫风流扇》
Story/M_Add_Book_8009,获得秘笈《崆峒玄兵锻法》
Story/M_Add_Book_8010,获得秘笈《南宫武备论》
Story/M_Add_Book_8011,獲得秘笈《火炎山锻谱》
Story/M_Add_Book_8013,獲得秘笈《当世词选》
Story/M_Add_Book_8104,获得秘笈《唐门药典》
Story/M_Add_Book_8105,获得秘笈《宋词选集》
Story/M_Add_Book_8106,获得秘笈《太平圣惠方》
Story/M_Add_Book_8107,获得秘笈《难经》
Story/M_Add_Book_8108,获得秘籍《折纸集》
Story/M_Add_Book_8109,获得秘笈《九转残篇》
Story/M_Remove_Book_2006,失去秘笈《夫子剑》
Story/M_Remove_Book_8104,失去秘笈《唐门药典》
Story/M_Remove_Book_8105,失去秘笈《宋词选集》
Story/M_0_4_001,获得《烤鱼》
Story/M_0_4_002,失去《烤鱼》
Story/M_0_5_001,失去《黄酒》
Story/M_0_Meet_Option_02_001,解锁武器开发《切鱼刀》
Story/M_4_7_2_Break_001,解锁暗器开发《无形箭》
Story/M_4_9_3_3_Break_001,解锁装备开发《乌蚕宝衣》
Story/M_5_1_1_001,解锁武器开发《玉霄神匕》
Story/M_6_9_2_3_001,解锁武器开发《沥泉小剑》
Story/M_2_8_1_001,解锁武器开发《唐门传承小剑》
Story/M_2_4_8_10_001,解锁装备开发《纸甲》
Story/M_2_4_8_10_002,解锁陷阱开发《猛火油柜》
Story/M_3_1_5_1_001,解锁装备开发《牛皮制服》
Story/M_3_3_1_2_001,解锁武器开发《金钱剑》
Story/M_7_3_2_5_001,解锁装备开发《连环火箭》
Story/S0604_01_01_001,解锁装备开发《密密缝》
Story/M_Talk_Brother4_02_01_03_001,解锁炼丹开发《睡丹》
Story/S0029_01_001,解锁炼丹开发《万灵油》
Story/M_Lover_00,心上人已变为唐默铃
Story/M_Lover_01,心上人已变为瑞杏
Story/M_Lover_02,心上人已变为叶云裳
Story/M_Lover_03,心上人已变为虞小梅
Story/M_Lover_04,心上人已变为上官萤
Story/M_Lover_05,心上人已变为夏侯兰
Story/M_Lover_06,心上人已变为郁竹
Story/M_Lover_07,心上人已变为魏菊
Story/M_Lover_08,心上人已变为龙湘
Story/P_Inn_01,客栈
Story/P_Alchemy_01,炼丹房
Story/P_Back_01,后山
Story/P_Center_01,练武场
Story/P_Room_01,弟子房
Story/P_Room_02,女弟子房
Story/P_Mall_01,正心堂
Story/P_Teashop_01,茶铺
Story/P_Forge_01,锻冶场
Story/P_Kitchen_01,伙房
Story/P_Study_01,讲经堂
Story/P_Party_01,南宫家宴
