Story/D_S0801_01_001,咻～好沉。
Story/D_S0801_01_002,嘿咻个屁，让你扛个米就在那边嗨嗨叫。
Story/D_S0801_01_003,大娘，你们怎么来了？
Story/D_S0801_01_004,不来行吗？我屋子给你们占去打架，弄得乱七八糟的。
Story/D_S0801_01_005,抱歉。
Story/D_S0801_01_006,傻小子，要你来道什么歉？
Story/D_S0801_01_007,这、这也是没有办法的事。
Story/D_S0801_01_008,知道啦，又没怪你。
Story/D_S0801_01_009,该道歉的是那啥武林盟的王八蛋。
Story/D_S0801_01_010,哦。
Story/D_S0801_01_011,就是就是！
Story/D_S0801_01_012,我是不清楚什么武林大义，为了那种摸不着、看不见的东西没事找事，\n真是吃饱太闲！
Story/D_S0801_01_013,谁也没拜托他们做这种事，也没欠他们钱。\n凭啥指手画脚，叫你们干这干那的？不帮忙就要打？\n真他妈的，那武林盟主怎不来帮我家茅厕疏通疏通！
Story/D_S0801_01_014,想不到你锥兄会有帮唐门说话的一天。
Story/D_S0801_01_015,我大眼锥虽然讨厌打打杀杀，但是谁是谁非还是拎得清。\n就像我不喜欢我爹老逼我干这干那一样的道理，\n日子是我自己在过，我爱干啥干啥，只要没有伤天害理，谁有资格逼我！
Story/D_S0801_01_016,我便是伤天害理，同样我行我素。
Story/D_S0801_01_017,那是你，别以为你师兄弟都跟你一样无耻。\n你死了那叫报应，不代表其他唐门大侠活该。
Story/D_S0801_01_018,说得也是。
Story/D_S0801_01_019,小子哎，大娘我也是看你从小长这么大个的。\n你这小伙子虽然丑得让人恨不得一～下子掐死，但是心地不坏。\n你要不就别混什么江湖了，本本分分做人怎样？
Story/D_S0801_01_020,哈，谁都要劝我一下。
Story/D_S0801_01_021,你是好人，大娘舍不得你死。
Story/D_S0801_01_022,多谢大娘。
Story/T_S0801_01_001,其他好人死了，姓赵的这种丧良心的邪恶玩意怎么还活着？\n老天爷真不公平。
Story/D_S0801_01_023,这些蔬菜你等会儿啥上山去，别省，就烧来师兄弟们分着吃。
Story/D_S0801_01_024,多谢大娘。
Story/D_S0801_01_025,赵活来了？来，这鸡鸭也拿着。
Story/D_S0801_01_041,吃饼不？一定要吃的吧，什么馅都有。
Story/D_S0801_01_026,吃鱼吧，吃鱼才会变聪明，一看你就是脑子没长好，吃鱼补一补。
Story/D_S0801_01_027,今个儿大家这是怎么了？
Story/D_S0801_01_028,想要强卖不成？我可把话说在前头，我没钱！
Story/D_S0801_01_029,而且这些东西到了我手里，我也不还！
Story/D_S0801_01_030,笑、笑啥，我可没在同你们说笑。
Story/D_S0801_01_031,不用你还，都是我们送你的。
Story/D_S0801_01_032,……有下毒？
Story/D_S0801_01_033,你是唐门的，有没有下毒，你怎会不清楚？丑又笨。
Story/D_S0801_01_034,决战的时候可别输了，别丢我们眉山人的脸。
Story/D_S0801_01_035,大义啥的听着挺重要的，但我其实不太懂。\n我只知道唐门没了，我们就只能靠衙门。
Story/D_S0801_01_036,然后你也知道，有时候衙门不太可靠，官官相卫啊。
Story/D_S0801_01_037,弱者就要被牺牲这种屁话，亏他们说得出来。\n我身为女子，从出生以来就一直被牺牲，大家都说世道如此。\n只有唐门、只有锦香宫不同，所以我不想你们输。
Story/D_S0801_01_038,还有，我们是邻居，相帮互助不是很寻常吗？当然帮着你。
Story/D_S0801_01_039,别输了。
Story/D_S0801_01_040,知道了。
Story/N_S0801_01_001,指望你的不只是唐门，在武林之外，还有许多人支撑你的人。
Story/D_S0801_02_01_001,大战当时，人家心急如焚。\n只道无缘再见哥哥你了，好伤心，好伤心。\n当时下的雨，都是裳儿担心你。
Story/D_S0801_02_01_002,我没事，一点皮外伤而已。
Story/D_S0801_02_01_003,我们以后能不能退隐江湖？要是没有你，谁来照顾云裳？
Story/D_S0801_02_01_004,傻妹子，我们兄妹相依为命至今，哥哥哪时……
Story/D_S0801_02_01_005,哥哥！
Story/D_S0801_02_01_006,哎唷，你怎么在山下。
Story/D_S0801_02_01_007,翻脸真快……我含辛茹苦拉拔大的妹妹啊。
Story/D_S0801_02_01_008,我不换个人黏，哥哥你怎么能有自己的人生？\n我们说过的，你可别吃味喔。
Story/D_S0801_02_01_009,我知道。
Story/D_S0801_02_01_010,哥哥，你不知我哥哥当时有多惊险，让他说给你听。
Story/D_S0801_02_01_011,很惊险吗？
Story/D_S0801_02_01_031,伤口恢复的不错，这次用的药不一样，可能会有点痒。\n你忍着点，没事别掀绑带，也别抓，以免留疤。\n我还得去照看旁人，失陪了。
Story/D_S0801_02_01_032,好，多谢大夫。
Story/D_S0801_02_01_033,叶兄。
Story/D_S0801_02_01_034,我听说了，你冒险一人独斗点苍双尊，对吧？\n他们二位都是高手，合击剑法更是所向披靡，想必险象环生。
Story/D_S0801_02_01_012,实话说，我师父、师伯连手打过来的时候还挺惊险的。
Story/D_S0801_02_01_013,那你上回如何不说，还出公差、做苦力？
Story/D_S0801_02_01_014,惊险归惊险，又不是身受无法复原的重伤。\n大家都很辛苦，叶某能够出力的地方，自然得出力。
Story/D_S0801_02_01_015,世上最会逞强的两个人，都是我哥哥，好巧。
Story/D_S0801_02_01_016,你身受两大高手围攻，如何脱险？
Story/D_S0801_02_01_017,我正待问，叶兄无恙否？
Story/D_S0801_02_01_018,实话说，我师父、师伯连手打过来的时候还挺惊险的。
Story/D_S0801_02_01_019,啊！那你如何脱险？
Story/D_S0801_02_01_020,……有个故人碰巧路过，帮了我一把。
Story/D_S0801_02_01_021,是谁？我嫂子是谁？
Story/D_S0801_02_01_022,什么嫂子，你可别乱说，那是一名男子。
Story/D_S0801_02_01_023,呿，男的就没用了。
Story/D_S0801_02_01_024,那可得好好谢谢那位大侠。
Story/D_S0801_02_01_025,还是不了，我和那人恩怨两清，最好此生不复相见。
Story/T_S0801_02_01_001,是段哥哥吧？
Story/T_S0801_02_01_002,原来他来过啊，先后帮了我两个哥哥，我也不能不念他的好。\n那么地位可以再升一升，从虾蟆升级成蛙。
Story/T_S0801_02_01_003,如果他可以再接再励，带他准备谋反的兵马扫平武林盟，\n再打下大宋江山，转手将皇位禅让给我，就有机会恢复成人的待遇。
Story/D_S0801_02_01_035,那可得好好谢谢那位大侠。
Story/D_S0801_02_01_036,还是不了，我和那人恩怨两清，最好此生不复相见。
Story/D_S0801_02_01_026,也没什么特别的办法，就咬牙死命撑着，\n不求胜，只求不败，只消刺的不是要害，负伤也在所不惜。\n总算撑到听见烟火声，双尊才放我一马。
Story/D_S0801_02_01_027,你说得轻巧，光是想象，我便知道有多凶险。
Story/D_S0801_02_01_028,都是我哥哥的功劳，点苍双尊出马，毫无寸功可言。\n听说正被武林盟那些嘴臭的抨击抹黑中，说他们身在曹营心在汉，\n是假意支持武林盟的。
Story/D_S0801_02_01_029,他们能忍吗？
Story/D_S0801_02_01_030,想必不能，不过那与我们何干呢？\n就让武林盟大侠们尽情互相伤害吧。
Story/D_S0801_02_02_001,各位丐帮的弟兄，无恙否？
Story/D_S0801_02_02_002,师兄！
Story/D_S0801_02_02_003,大哥！
Story/D_S0801_02_02_004,赵兄弟！大家都都都都还好。
Story/D_S0801_02_02_005,赵老弟来了，那还少一条鱼，你等着，我给你弄一条来。
Story/D_S0801_02_02_006,不忙，方才有人送我……跑太快了吧。
Story/D_S0801_02_02_007,别理他，你们大大大、大大院情况怎样？
Story/D_S0801_02_02_008,唉。
Story/D_S0801_02_02_009,……兄弟，没人不怕死。\n我们抛头颅、洒热血，捍卫的事物无质无形，\n但是意义重大，没什么值得叹气的。
Story/D_S0801_02_02_010,……李帮主说的再对也没有。
Story/D_S0801_02_02_011,义往往要舍身才能取，大家依然前仆后后后后后继，这就是它价值连城的证据。
Story/D_S0801_02_02_012,正是。
Story/D_S0801_02_02_013,各位丐帮的弟兄，无恙否？
Story/D_S0801_02_02_014,师兄！
Story/D_S0801_02_02_015,大哥！
Story/D_S0801_02_02_016,你来干嘛？
Story/D_S0801_02_02_017,自然是来探望一下各位。
Story/D_S0801_02_02_018,……伤亡重吗？
Story/D_S0801_02_02_019,实话说，挺凄惨的。\n你也知道，丐帮混江湖，凭的都是下三滥手段，没几个有真功夫。\n没有帮主指挥，像这种大阵仗不能取巧，自然是讨不了好。
Story/D_S0801_02_02_020,是吗……唉。
Story/D_S0801_02_02_021,叹什么气你？我们又没埋怨。
Story/D_S0801_02_02_022,你猜怎么着？我们丐帮弟子，就是人群里最弱的弱者，\n要是有人管、要是没被割舍、要是有家可归，怎会沦落变成乞丐？
Story/D_S0801_02_02_023,为了不被欺负，才聚众成帮，为了生活无恶不作。\n武林盟嘴里嚷着大义，都不牺牲自己，却总是牺牲我们这种人啊。
Story/D_S0801_02_02_024,其实我们如何不想堂堂正正做个人呢？\n王帮主花了好大心血，用侠义诓骗我们，拚命使唤。\n大家被夸得飘飘然，可是心底那个自卑啊，总是挥之不去。
Story/D_S0801_02_02_025,直到昨日，我们才是真的自己下决定，\n为了保护和我们一样的人拚命，抱着骄傲，像个人一样死去。
Story/D_S0801_02_02_026,……。
Story/D_S0801_02_02_027,为此，我们心存感激，别说什么伤感的话了。\n这就叫死在便所……。
Story/D_S0801_02_02_028,{size=24}死得其所。{/size}
Story/D_S0801_02_02_029,死得其所。我没讲错，是你方才听错了。\n你脑子里有大便，听什么都跟大便有关连。
Story/D_S0801_02_02_030,好吧。
Story/D_S0801_02_02_031,阿弥陀佛，多谢施主。
Story/D_S0801_02_02_032,阿弥陀佛，多谢施主。
Story/D_S0801_02_02_033,不对吧，这位师父，我方才是不是已经给你盛过粥了？
Story/D_S0801_02_02_034,施主慧眼如炬，你是怎么认出小僧的？
Story/D_S0801_02_02_035,不是，我又不是没长眼睛。\n你以为没有头发别人就认不出来了吗？
Story/D_S0801_02_02_036,福韫法师……你怎么这样啦。
Story/D_S0801_02_02_037,赵施主！
Story/D_S0801_02_02_038,想不到你出家人，也干这种狡猾的事。
Story/D_S0801_02_02_039,山上还有斋菜，法师不如移步上山作客如何？
Story/D_S0801_02_02_040,非也，施粥的施主又没说一人只得领一碗粥？\n小僧还吃得下，那就多吃一点，看他几时记住和尚的脸，与小僧结缘。
Story/D_S0801_02_02_041,好吧，反正你做什么古怪事都有弦外之音，见怪不怪了。
Story/D_S0801_02_02_042,赵施主下山，是来慰问盟友伤情？
Story/D_S0801_02_02_043,好歹是一条船上的，我得知道万一武林盟出尔反尔，还有多少人能打。
Story/D_S0801_02_02_044,施主真是口不由心，你嘴巴虽坏，心里的善念却压抑不住。
Story/D_S0801_02_02_045,你别瞎说，空口冤人清黑，我只是……！
Story/D_S0801_02_02_046,好了好了，我知道，我知道，你最坏了。
Story/D_S0801_02_02_047,我真的是坏人，你如何不信？\n我可是混世魔王的爪牙，我这人是没有心肝的说。
Story/D_S0801_02_02_048,是。
Story/D_S0801_02_02_049,阿弥陀佛，承蒙施主垂询，我派十八铜人，确实损伤不轻。
Story/D_S0801_02_02_050,有吗，我看你们不是毫发无伤吗。
Story/D_S0801_02_02_051,哪有？小僧说破了嘴皮，而我师兄们打人打断了三根棍子。\n眼看武林盟侠士依然执迷不悟，只好出罗汉拳、苦恼拳。\n打人打得拳头都破了皮，唉。
Story/T_S0801_02_02_001,这群和尚真够凶猛的，难怪武林人都不敢开罪十八铜人。
Story/D_S0801_02_02_052,那么关于十日之约，法师怎么看？
Story/D_S0801_02_02_053,解铃还需系铃人。
Story/D_S0801_02_02_054,……多谢法师指点迷津。
Story/D_S0801_02_02_055,善哉。
Story/D_S0801_02_02_056,你不入地狱，谁入地狱？
Story/D_S0801_02_02_057,你确定你没讲错吗，佛经里是这样说的？
Story/D_S0801_02_02_058,《 地藏菩萨本愿经 》有一段光目女发愿的话语，如是说：
Story/D_S0801_02_02_059,『若我母永离三毒及斯下贱乃至女人之身，永劫不受者。\n愿我自今日后，对清净莲华目如来像前，却后百千万亿劫中，\n应有世界所有地狱、及三恶道诸罪苦众生，誓愿救拔。』
Story/D_S0801_02_02_060,『令离地狱恶趣、畜生、饿鬼等。如是罪报等人，尽成佛竟，\n我然后方成正觉。』
Story/D_S0801_02_02_061,呃……意思即是说……？
Story/D_S0801_02_02_062,你不入地狱，谁入地狱？你应该下地狱。
Story/D_S0801_02_02_063,真的假的，你可别乱讲喔！我会去问别人我跟你讲！
Story/D_S0801_02_02_064,师兄，我好了，我可以去找唐布衣过招吗？
Story/D_S0801_02_02_065,不行，你伤得那么重，压根没好。\n何况唐门飞侠也有伤在身，你别去滋扰人家。
Story/D_S0801_02_02_066,那我去找他，不过招。
Story/D_S0801_02_02_067,……不过招你找他想做甚？
Story/D_S0801_02_02_068,过招。
Story/D_S0801_02_02_069,够了，你给我老实点！
Story/D_S0801_02_02_070,向掌门、解大侠二位好。
Story/D_S0801_02_02_071,师弟，你来了。
Story/D_S0801_02_02_072,我想到了！
Story/D_S0801_02_02_073,你去把唐布衣带过来跟我过招，就不算是我滋扰他，而是他滋扰我。
Story/D_S0801_02_02_074,呃……这个恕难从命。
Story/D_S0801_02_02_075,峨嵋之耻……。
Story/D_S0801_02_02_076,向掌门、解大侠二位好。
Story/D_S0801_02_02_077,哦，赵师弟来了。
Story/D_S0801_02_02_078,解大侠，你没事太好。
Story/D_S0801_02_02_079,本来想把那点苍双尊一齐拦下的，结果差点没命。\n他们合击剑法真不是盖的。
Story/D_S0801_02_02_080,幸好那苍松剑客替我补救，拦住了那二人。\n这样说来，他武功岂不是比我还高？不行，大大不妥。\n迟则生变，我得即刻去找他较量。
Story/D_S0801_02_02_081,……叶少侠力战两大高手，身负重伤。\n你现在去找他比武，岂不是趁人之危？
Story/D_S0801_02_02_082,还真是。
Story/D_S0801_02_02_083,那我再忍耐几天好了，大约……两天？
Story/D_S0801_02_02_084,师兄，为何我们不创个合击腿法？
Story/D_S0801_02_02_085,你找别人创去，别找我。
Story/D_S0801_02_02_086,你有没有兴趣？
Story/D_S0801_02_02_087,赵少侠，你别搭理他。
Story/D_S0801_02_02_088,峨嵋弟子所习武功，以灵动闪避为上，损伤较别派为轻。\n赵少侠不必担心，可去慰问别派弟子。\n向某要教训这个胡涂师弟，暂时少陪了。
Story/D_S0801_02_02_089,不！我会还手的！不过我是伤员，你应该让我一手一脚才公平！
Story/D_S0801_02_02_090,且慢，向掌门。\n关于决战眉山之巅，西武林盟侧的人选……。
Story/D_S0801_02_02_091,担心什么？当然是我。
Story/D_S0801_02_02_092,你伤成这样，就别闹腾了。
Story/D_S0801_02_02_093,……赵少侠，两盟交战当日，向某曾与盟主交手过。\n他年纪轻轻，却已臻至如斯境界，世所罕见。\n恐怕西武林盟之中，无人是他敌手。
Story/D_S0801_02_02_094,连向掌门也不能？
Story/D_S0801_02_02_095,向某出战，胜负亦属难料。\n并非不能，但是两盟之争各有主张，向某并不否认武林盟的理念。\n由我出战，赵少侠认为合适吗？
Story/D_S0801_02_02_096,……。
Story/D_S0801_02_02_097,唐门是西武林盟总召，向某以为，决战人选当由唐门派出。\n这是向世人展露决心的时候。
Story/D_S0801_02_02_098,几位道长好，敢问青城派的情况如何，损伤重吗？
Story/D_S0801_02_02_099,问这干嘛？覆巢之下无完卵，\n一荣俱荣，一损俱损，都是为了侠义而争，不必细究。\n只要我们行得正，坚持到底，就不愧对先我们而去的人。
Story/D_S0801_02_02_100,邹掌门教训得是。
Story/D_S0801_02_02_101,邹掌门，关于眉山绝顶之战，你觉得适合派谁？
Story/D_S0801_02_02_102,你。
Story/D_S0801_02_02_103,……为何？
Story/D_S0801_02_02_104,因为西武林盟是唐门招办的，至今没有盟主。\n各派都有伤亡，恩怨全仰赖此战清算，是你唐门应该展现实力的时候了。
Story/D_S0801_02_02_105,如今我大师兄回来了，怎么说也轮不到我。
Story/D_S0801_02_02_106,轮不到吗？我却不这么认为。
Story/D_S0801_02_02_107,唐布衣若想杀死武林盟主，未必办不到。\n但是相约某地正面对决，只怕败多胜少。
Story/D_S0801_02_02_108,毕竟你唐门武功，本来就胜在攻人出奇不意。\n而盟主那武功已到了身如败絮、方圆之内无不如意的境界。\n想用暗器牵制，只怕很难。
Story/D_S0801_02_02_109,……其实我也有同感。
Story/D_S0801_02_02_110,你就不同了。
Story/D_S0801_02_02_111,我观你出手，妙着纷呈，使的不是暗器，却似招招都是暗器，\n出人意料之外，奥妙的很，要说如今唐门，若有人能胜那少年盟主，\n恐怕只有赵小友你一人而已。
Story/D_S0801_02_02_112,……。
Story/D_S0801_02_02_113,感觉上呢，你打你大师兄，一半会赢，一半会输。\n你打盟主，同样一半会赢，一半会输。\n但是你大师兄去跟盟主对决，就是很难不输。
Story/D_S0801_02_02_114,我近年潜心修道，武学不免荒废。\n可能看走了眼也说不定，纯属个人见解，你参考参考吧。\n总之别指望老道我，我已老啦！
Story/D_S0801_02_02_115,多谢邹掌门。
Story/D_S0801_02_02_116,申屠道长武功盖世，可有意愿身任西武林盟主？
Story/D_S0801_02_02_117,我？
Story/D_S0801_02_02_118,呵呵，你谁不好问，跑来问贫道，当真滑稽。
Story/D_S0801_02_02_119,哈哈哈哈！
Story/D_S0801_02_02_120,承蒙赵居士抬爱推举，不过还请容贫道推辞。\n贫道清心寡欲，本来不愿沾染红尘是非，奉掌门之命，聊尽了同盟之谊。\n再多的，只怕有害道心。
Story/D_S0801_02_02_121,师弟向道之心坚如盘石，我亦自愧弗如。
Story/D_S0801_02_02_122,赵小友，麻烦另请高明吧。
Story/D_S0801_02_02_123,是。
Story/D_S0801_02_02_124,重。但是江湖厮杀，谁都有等来终点的一天，他们早了一些罢了。\n我师弟、师侄们虽然肉身死了，但是意志长存。\n可不能屈服了，让他们白白牺牲。
Story/D_S0801_02_02_125,谨遵道长教诲。
Story/D_S0801_02_02_126,道长可以放心，我们绝不屈服。
Story/D_S0801_02_02_127,这不是赵少侠吗？
Story/D_S0801_02_02_128,赵少侠好。
Story/D_S0801_02_02_129,三位女侠，好似心情不坏。
Story/D_S0801_02_02_130,你们在笑啥？
Story/D_S0801_02_02_131,啊，好像确实不是该笑的时候，姊妹们，快收敛一下。
Story/D_S0801_02_02_132,我们到处看了环境，还分得了房间，感觉环境比想象中要好。
Story/D_S0801_02_02_133,唐门外堡是没锦香宫富丽，但是胜在方便又热闹。\n出门就有早市，不必开伙都有早饭吃，采买东西也不必大老远跑镇上订。
Story/D_S0801_02_02_134,而且……而且男女都是邻居，以前我们结识男子的机会可不多。\n我觉得这样挺、挺好的。
Story/D_S0801_02_02_135,你们满意，那真是太好了。
Story/D_S0801_02_02_136,明后两日，师姊会带我们上山，正式拜会唐掌门。\n谢他老人家收留之恩，从今往后也请多多指教了，赵师兄。
Story/D_S0801_02_02_137,好。
Story/N_S0801_02_02_001,锦香宫从此没了，但唐门外堡被擅自改名为锦香堡，这是后话了。
Story/D_S0801_02_02_138,石帮主、石夫人，我正要去你们总舵拜访呢，不想在这里碰见。
Story/D_S0801_02_02_139,我们上馆子吃饭，要不一起？
Story/D_S0801_02_02_140,一起什么？我们不是才刚吃饱出来？
Story/D_S0801_02_02_141,我陪赵大侠喝两杯，吃点小菜，这点胃还是挤得出来。
Story/D_S0801_02_02_142,不了，不了。
Story/D_S0801_02_02_143,石老哥，你怎么走了？再喝两杯……哎唷见鬼，师弟。
Story/D_S0801_02_02_144,大师兄，你……。
Story/D_S0801_02_02_145,青山不改绿水長流就此别过。
Story/D_S0801_02_02_146,混蛋！这什么时候了，又喝得烂醉如泥！
Story/D_S0801_02_02_147,赵大侠别恼，我们夫妻亏欠唐大侠，总要郑重道歉的。\n他肯赏脸让我们请客，是心怀坦荡啊。
Story/D_S0801_02_02_148,这么说，倒也是。
Story/D_S0801_02_02_149,怎么样，咱们飞石帮混混这次有帮上忙吧？
Story/D_S0801_02_02_150,你开什么玩笑？
Story/D_S0801_02_02_151,飞石帮哪是混混，全是英雄啊！帮大忙了！
Story/D_S0801_02_02_152,弟兄们，都听到赵大侠说的话了！
Story/D_S0801_02_02_153,怎么一下子冒出这么多人。
Story/D_S0801_02_02_154,太好了……我也是个有用的人了，妈妈～你看我出息了！
Story/D_S0801_02_02_155,他说我们不是混混，是英雄！呜呜呜～
Story/D_S0801_02_02_156,我不是下三滥，我不是杂鱼，我也保护了弱者！
Story/N_S0801_02_02_004,石帮主两手一拱，对你长揖到地。
Story/D_S0801_02_02_157,帮主何以行此大礼！
Story/D_S0801_02_02_158,我敬佩唐布衣，敬佩你。\n赵大侠，眉山决战，我赌你赢。
Story/D_S0801_02_02_159,人选还不一定是我吧。
Story/D_S0801_02_02_160,不一定吗？不一定吧。\n妾身告辞了，祝你旗开得胜。
Story/D_S0801_02_02_161,丹霞子道长。
Story/D_S0801_02_02_162,哦！赵少侠，来得正好，快来这边坐。\n一个人喝酒，越喝越闷！
Story/D_S0801_02_02_163,那就恭敬不如从命。
Story/D_S0801_02_02_164,多亏道法将军神机妙算，解西武林盟之危，在下先干为敬。
Story/D_S0801_02_02_165,哪里是我一人的功劳？先干。
Story/N_S0801_02_02_002,你们饮尽杯中酒水，又重新斟满。.
Story/D_S0801_02_02_166,我在襄阳的时候，每一场仗打完，都会和弟兄一块儿喝酒。\n但是每次都会少一人，最后就剩贫道自己。\n历战不死，落下一身伤痕。
Story/D_S0801_02_02_167,将军保家卫国，向为世人所钦佩，赵某再敬你一杯。
Story/D_S0801_02_02_168,且住。我之所以上战场，并非为了保家卫国。\n是以这一杯敬酒，贫道不敢受。
Story/D_S0801_02_02_169,我之所以远赴宋金战场，不是为国为民，而是为了私心。\n我恩师火龙仙君言道，我修仙遇上的瓶颈，必须积累功德，\n方能突破大乘期，而积累功德最快的办法就是上战场救国。
Story/D_S0801_02_02_170,哦……这我确实想不到……。
Story/D_S0801_02_02_171,如今看来，我师父都是骗我的吧。\n蠢笨如我，也不至于到这种地步还看不清楚。
Story/D_S0801_02_02_172,但是我在沙场拼杀的岁月却是真的。\n我到底没法成仙，但是过程还不算坏。
Story/D_S0801_02_02_173,……那就不敬丹霞子道长，敬丹霞子大侠，请！
Story/D_S0801_02_02_174,好！干！
Story/N_S0801_02_02_003,他豪气万千，可惜酒量不行，还待拚个你死我活，他却伏桌呼呼大睡去。
Story/D_S0801_02_02_175,南女侠。
Story/D_S0801_02_02_176,段智秀。
Story/D_S0801_02_02_177,来得好，赵少侠，你酒量行不行？\n一人喝酒太闷，陪我喝一杯。
Story/D_S0801_02_02_178,娘子怎么这样说？这不是有本公子作陪吗。
Story/T_S0801_02_02_002,……烦死了。\n虽说伸手不打笑脸人，但我是真想拔剑砍了他。
Story/D_S0801_02_02_179,小二，来壶上好的酒，再多拿一副碗筷过来。
Story/D_S0801_02_02_180,等一下啦，妈的没看到人家在忙吗？\n催催催，老子是能分身还怎样啦，去你妈的。
Story/D_S0801_02_02_181,你这店小二是怎么说话的？这是做生意的态度吗！
Story/D_S0801_02_02_182,……南女侠，赵某正好有事请教。
Story/D_S0801_02_02_183,若是想问盟主的事，别问。\n我不会泄漏你的消息，你也别想从我这里打听关于他的事，如此才公平。\n好奇他的为人，就用你的剑去问吧。
Story/D_S0801_02_02_184,……明白了。
Story/D_S0801_02_02_185,{size=24}赵少侠，赏脸外边说两句话。{/size}
Story/D_S0801_02_02_186,你又想做甚。
Story/D_S0801_02_02_187,当时唐门栈道，得你出手相助，赵某甚是感激。\n不过你怎样巴结我，我都不会替你向叶兄、云裳说半句好话。
Story/D_S0801_02_02_188,无所谓，我这一生是不抱期望能与他们和好如初了。\n倒是你，我听说了，坠崖还不死，真够命大。
Story/D_S0801_02_02_189,那你找我做甚？你找人骚扰唐门那碴，我还没跟你算呢。
Story/D_S0801_02_02_190,我是骚扰过唐门，但你们被武林盟针对，我不也出手帮忙了吗？\n总算恩怨相抵了吧。
Story/D_S0801_02_02_191,找你出来说话，不为别的，我便直说了。\n你有没有觉得……南女侠风姿绰约、英气勃勃呀？
Story/D_S0801_02_02_192,啥？
Story/O_S0801_02_02_001,确实是饶有南人风情的美女
Story/D_S0801_02_02_193,这……。
Story/D_S0801_02_02_194,确实有别于中原女子，饶富南人之美。
Story/D_S0801_02_02_195,什么嘛，你眼光还算不坏。\n我还只道你就喜欢叶云裳那种小矮子。
Story/O_S0801_02_02_002,你跟我说这个干嘛？
Story/D_S0801_02_02_196,你跟我说这个干嘛？我们之间可没有交情，连熟人都说不上。
Story/D_S0801_02_02_197,你怎那么斤斤计较，不打不相识，我们还一起抵御武林盟了。
Story/D_S0801_02_02_198,实不相瞒，本公子看上她了。
Story/D_S0801_02_02_199,蛤……？
Story/D_S0801_02_02_200,一来，她跟武林盟主瑞少侠翻了脸，二来，就算本人不在场，\n她还是给岭南掌门许配给了本公子，我才是她名正言顺的丈夫──
Story/D_S0801_02_02_201,段……！
Story/D_S0801_02_02_202,放心，我用剑背砍的。
Story/D_S0801_02_02_203,剑是双面开刃，哪来的剑背？他不会动了，血流出来了啊！
Story/D_S0801_02_02_204,先别管他了。
Story/D_S0801_02_02_205,如他所说，因为你的怂恿，在下已经干出了注定会收休书的事情。\n今天没死成，明日就要烦恼落脚地方，听说贵派的外堡还有空房招租，\n阁下是否应该负起责任来呢？
Story/D_S0801_02_02_206,哎，怎么能说是我怂恿的。
Story/D_S0801_02_02_207,不过区区容身之处，包在我身上便是。
Story/D_S0801_02_02_208,容身处，赵某自当妥善安排。
Story/D_S0801_02_02_209,交到了管用的新朋友，运气不坏。
Story/D_S0801_02_02_210,哎……你死了没有？
Story/D_S0801_02_02_211,快……快帮本公子叫大夫。
Story/O_S0801_02_Break_01_001,回家
Story/D_S0801_02_Break_01_001,……該回去了。
Story/N_S0801_02_Break_01_001,夕陽西下，你忽然心有感觸。\n看看這、看看那，不知不覺在這地方一住好多年，\n忽有預感，將要遠行，不由心生眷戀。
Story/O_S0801_02_Break_01_002,探望盟友
Story/O_S0801_02_Break_01_003,先探望葉雲舟
Story/D_S0701_01_01_001,默铃！
Story/D_S0701_01_01_002,云裳……。
Story/D_S0701_01_01_003,我、我方才到处找不到你。\n我听人说你好了，我好怕是假的。
Story/D_S0701_01_01_004,是真的，托哥哥的福，我又活转来了。
Story/D_S0701_01_01_005,我很想念你，一直都怕……怕见不到面了。
Story/D_S0701_01_01_006,你知道吗？我如今是你师嫂了。
Story/D_S0701_01_01_007,慢着，她是自愿的！云裳你快替我解释！
Story/D_S0701_01_01_008,我是自愿的喔。
Story/D_S0701_01_01_009,吓到了？
Story/O_S0701_01_01_001,吓到了
Story/D_S0701_01_01_010,嗯，吓到了。
Story/D_S0701_01_01_011,我也着实吓得不清，不过是又惊又喜。
Story/O_S0701_01_01_002,没有吓到
Story/D_S0701_01_01_012,……还好。
Story/T_S0701_01_01_001,睁眼说瞎话，动摇到这种地步的小师妹，可谓前所未有。
Story/D_S0701_01_01_013,师兄本来就很好。
Story/T_S0701_01_01_002,臭哥哥，我人还在这儿呢。\n给漂亮小娘子夸一下，就飘上天去了是吧。
Story/D_S0701_01_01_014,默铃、哥哥。
Story/D_S0701_01_01_015,干嘛？
Story/D_S0701_01_01_016,……？
Story/D_S0701_01_01_017,真拿你们没办法。
Story/D_S0701_01_01_018,默铃，虽说我们是至交好友，\n但我身为唐门媳妇，不得不问你几句。
Story/D_S0701_01_01_019,为何你夫君要率众攻打唐门？他可是唐门女婿呀！这岂不是忘恩负义吗？\n你呢？你又是用什么心情重履唐门的？
Story/D_S0701_01_01_020,我……我……。
Story/T_S0701_01_01_003,我确实想问，只是不忍苛责小师妹而已。
Story/D_S0701_01_01_021,我也不想这样的……我也有努力的啊。\n你们以为我什么都没想过吗。
Story/D_S0701_01_01_022,送钱、送礼物、跪在地上求人，这些我都做了。\n他也答应了，说会尽力，但是要顾全的人那么多，帮唐门，其他人就会死，\n根本就不是我想怎样就能怎样的！
Story/D_S0701_01_01_023,我怎么可能会想攻打自己的娘家、欺负自己的亲人啊。\n我努力了啊，能做的事我全都做了啊！
Story/D_S0701_01_01_024,小师妹……。
Story/D_S0701_01_01_025,好了好了，知道你委屈了，可怜小铃儿，不哭不哭。
Story/D_S0701_01_01_026,听到了没有？臭哥哥。\n人家有苦衷的啊！不是你没看见，别人就没有在努力好不好？
Story/D_S0701_01_01_027,咄咄逼人的明明就不是我。
Story/D_S0701_01_01_028,你嘴上不说，心里在埋怨，我看穿了。
Story/D_S0701_01_01_029,你们都太过顾忌彼此的心情了。
Story/T_S0701_01_01_004,谁不是竭尽全力活着呢？谁都有苦衷。\n你们又不像我这么聪明，不把话说出口的话，别人怎会明白呢。
Story/T_S0701_01_01_005,哥哥快说点什么呀。
Story/O_S0701_01_01_003,小师妹，辛苦了。
Story/D_S0701_01_01_030,小师妹，辛苦了。
Story/D_S0701_01_01_031,不……不客气。
Story/D_S0701_01_01_032,这是我应该做的事。\n我才要谢谢师兄，保护我的家。
Story/D_S0701_01_01_033,对不住，我太笨了，努力了，可是什么也做不到。
Story/D_S0701_01_01_034,人生不如意，十之八九。\n但是全力以赴后失败，和一开始就放弃是完全不同的事情。
Story/D_S0701_01_01_035,要是哥哥一早认命的话，我就没机会在这儿跟你重逢了。\n你说是吗？
Story/D_S0701_01_01_036,嗯。
Story/D_S0701_01_01_037,你今天可真爱哭，看来受了不小委屈。\n来，擤擤鼻涕。
Story/N_S0701_01_01_001,小师妹回到家探亲，纵有千言万语想要倾诉，可是拙于表达，\n始终吶吶不得要领，无一人苛责于她，反教她更是惭愧伤心，\n好似唐门已不是家，无人将她视为家人。
Story/N_S0701_01_01_002,幸有云裳知心，板起脸来佯怒，三两下攻破人家心防，逼哭了小师妹，\n随着一番泣诉，长久压抑的委屈，才终于得以宣泄，不致积郁成疾。
Story/O_S0701_01_01_004,努力过却没有取得成果等于没有努力（装模作样）
Story/O_S0701_01_01_005,解锁条件：［道德］为［坏人］以下且［修养］为［暴躁］以下
Story/D_S0701_01_01_038,苦衷云云，全是借口而已，谁信？\n努力过却没有取得成果，等于没有努力。\n你还得加把劲，等你拯救了唐门，我再考虑修正评语。
Story/D_S0701_01_01_039,你突然间是怎么回事！
Story/D_S0701_01_01_040,呃，其实我是想说──
Story/D_S0701_01_01_041,云裳，没有关系。
Story/D_S0701_01_01_042,怎会没关系？哥哥明显是被什么脏东西糊了脑子。\n你别误会，其实他平常不是这种人，你等我找根棍子敲醒他，重说一遍。
Story/D_S0701_01_01_043,我知道。
Story/T_S0701_01_01_006,虽然很伤心，但是我知道，师兄在鼓励我。
Story/D_S0701_01_01_044,我要回去了。
Story/D_S0701_01_01_045,这就要走了？
Story/D_S0701_01_01_046,嗯，有人在客栈等我们。
Story/D_S0701_01_01_047,哦……。
Story/D_S0701_01_01_048,那我陪你走下山吧，路上说说话解闷也好。
Story/D_S0701_01_01_049,好。
Story/D_S0701_01_01_050,似曾相识的对话，截然不同的待遇。
Story/D_S0701_01_01_051,那当然，我跟默铃谁跟谁，岂是区区哥哥能比的。
Story/D_S0701_01_01_052,走吧。
Story/D_S0701_01_01_053,等下。
Story/D_S0701_01_01_054,师兄。我会想别的办法。
Story/D_S0701_01_01_055,好。我们各自尽人事，再听天命。
Story/D_S0701_01_01_056,回想一下你方才说过什么吧。
Story/T_S0701_01_01_007,失策，想摆师兄的架子激励她，结果弄巧成拙。
Story/D_S0701_01_01_057,走吧。
Story/D_S0701_01_01_058,等下。
Story/D_S0701_01_01_059,师兄。我会想别的办法。
Story/D_S0701_01_01_060,好。
Story/D_S0030_01_001,呃啊！
Story/D_S0030_01_002,师弟！
Story/D_S0030_01_003,师弟，你怎么样？
Story/D_S0030_01_004,我不太确定，好像受了重伤，又好像没有。\n感觉身体变轻了，我好像能飞。
Story/D_S0030_01_005,娇气的废物。
Story/D_S0030_01_006,我、我没事。
Story/D_S0030_01_007,你确定吗？你方才都咳血了啊。
Story/D_S0030_01_008,还挺耐打的呀。
Story/D_S0030_01_009,二师兄，带操、指点师弟妹们武功，你如何出手那么重。\n师弟都吐血了啊。
Story/D_S0030_01_010,赵活，将你吐地上的脏血擦干净。\n辨症，设法将你自己治好，抑或寻个不起眼的地方断气。\n这才是你真正的课题。
Story/D_S0030_01_011,二师兄是真没有一点人性的。
Story/D_S0030_01_012,师弟，我运功助你疗伤吧？
Story/O_S0030_01_001,有劳三师兄了
Story/D_S0030_01_013,好，有劳三师兄了。
Story/N_S0030_01_001,三师兄搁置手边的业务，运功为你疗伤。\n唐门虽不是精擅内功的门派，他的修为毕竟非你能及，\n小小轻伤，推宫行过一遍周天，当即痊愈。
Story/D_S0030_01_014,伤是治好了，但给人运内力疗伤，\n似乎别有一番古怪，滋味儿不大好受。
Story/D_S0030_01_015,嘶～感觉怪恶心的。
Story/D_S0030_01_016,这是当然的，运功疗伤，又不是仙术。\n别人的内力残留在你体内，能好受吗？
Story/D_S0030_01_017,二师兄。
Story/D_S0030_01_018,半晌不见你来取药，还当你终于开悟，将自己埋了。\n原来是贪快，求人救治了。
Story/T_S0030_01_001,我就怕去了炼丹房，药没取到，命给你取了。
Story/O_S0030_01_002,自己运功疗伤
Story/O_S0030_01_003,解锁条件：心相>=50
Story/D_S0030_01_019,多谢三师兄美意，不过我这点小伤并无大碍，死不了人的。\n我自行运功疗伤即可，不必劳烦。
Story/D_S0030_01_020,不必啦，吐点血而已，死不了人。\n我自运功疗伤即可。
Story/T_S0030_01_002,可不能显得太娇气，一点苦都吃不得。\n那我转正入室的盼想，可谓遥遥无期。
Story/D_S0030_01_021,真没事吗？你都吐血了，可别尽逞能。
Story/D_S0030_01_022,大师兄导致我吐的血足有十升，我不一样生龙活虎吗。\n没事的，我自理会得，告退了。
Story/D_S0030_01_023,……师弟性情坚毅，这许多年来，不知有多少苦是独自一人默默咽下的。
Story/D_S0030_01_024,不行，嫌我唠叨，也得跟掌门美言几句，帮师弟争取争取。
Story/D_S0030_01_025,呼，行完一周天，累归累，胸中舒坦多了。
Story/D_S0030_01_026,半晌不见你来取药，还当你终于开悟，将自己埋了。\n原来窝在房里瞎折腾。
Story/D_S0030_01_027,二师兄。
Story/D_S0030_01_028,是专程追过来赶尽杀绝的吗？
Story/D_S0030_01_029,我看起来很清闲吗？你的生死，压根不配我费一吋光阴。
Story/D_S0030_01_030,过份！
Story/D_S0030_01_031,也罢，机会难得，借机教你一些内家常识。\n以免你这孤陋寡闻的家伙出门去丢人现眼，我还要费劲清理门户。
Story/D_S0030_01_032,丢个脸就得死，当代唐门弟子的命忒也苦涩。
Story/D_S0030_01_033,不要牵拖旁人，宁知我不是针对你？
Story/D_S0030_01_034,少来了～你才不会杀我呢。
Story/D_S0030_01_035,应该不会，对吧？
Story/N_S0030_01_002,说是这么说，你还是不免有点儿心怀惴惴。
Story/D_S0030_01_036,是吗？
Story/D_S0030_01_037,二师兄，你别笑，笑得我直哆嗦！
Story/D_S0030_01_038,所谓运功疗伤，说穿了不神奇，不外乎便是运功推动气血，疏通经络，\n使瘀滞的气血得以畅行，周天血循、气循几度轮转，伤病自然好得快。
Story/D_S0030_01_039,咦～原来是这样，我一直没想通运功能治病究竟是什么道理。\n原来还是我自己好的，还道那些内功有什么神奇法力。
Story/D_S0030_01_040,可笑的是，作如是想者多如过江之鲫。\n人敢僭称万物之灵，其实什么也不懂，包含自己的事情。
Story/D_S0030_01_041,随年龄渐长，老人心脉衰弱，连带血循缓滞，病痛难愈，盖因如此。\n所以修习内家功者，寿命远超寻常老人。
Story/D_S0030_01_042,说到长寿养生，没有比南宫老太爷更好的榜样了。
Story/D_S0030_01_043,至于体虚病弱之人就另当别论，自身元气枯竭，\n再怎么催运周天，好处依然有限，运功疗伤，往往事倍功半，\n还不如老实吃药补益身体。
Story/D_S0030_01_044,云裳妹子就是如此。
Story/D_S0030_01_045,不止如此，她的情况更为复杂。
Story/D_S0030_01_046,哦……原来还有这么多区别。
Story/D_S0030_01_047,废话，你当天下人都如你这般命贱难杀？
Story/D_S0030_01_048,旁人运功替你疗伤，亦属同理。区别只在一由外力，一由自己。\n由你丹田使力，需要消费气力；由旁人助你，固然容易，\n但是旁人的内功终究不属于你，不受你丹田使唤。
Story/D_S0030_01_049,对方一撒手，便无以为继，残存的真气便成了无主游魂，\n游荡越久，越是乖戾，迟早必成祸害。
Story/D_S0030_01_050,难怪！难怪我治好了内伤，反而觉得胸口闷闷。\n那可怎么办呀？
Story/D_S0030_01_051,谁让你好逸恶劳？自讨苦吃，受着吧。
Story/D_S0030_01_052,怎么这样啊。
Story/D_S0030_01_053,你服唐门药膳，温养唐门真气，纵然不如三师弟浑厚，亦属你自身真气。\n这股真气再弱，亦为正气；外来的再强，亦为邪气。
Story/D_S0030_01_054,邪不胜正，只要你不是突然之间给人废了武功，迟早会耗尽这股邪气。\n何况系出同源，便是不能降服纳为己用，也不至于害你性命。
Story/D_S0030_01_055,纵是白拿的，也得看你吃不吃得消是吧？
Story/D_S0030_01_056,你若身受致死重伤，不得已受人赞掌护心脉，亦无可厚非。\n否则你会伤发，死在外来异种真气反噬之前。\n现在嘛，确实不必大惊小怪。
Story/D_S0030_01_057,原来如此。
Story/D_S0030_01_058,本门弟子等闲不会运功为外人疗伤，你可知晓为何？
Story/O_S0030_01_004,因为我们内功烂，救人不成反害人
Story/D_S0030_01_059,因为我们内功太烂，万一治了没治好，恐怕救人不成反而跟人结仇？
Story/D_S0030_01_060,用不着说得吞吞吐吐，人贵自知。\n本门武功不以内家法门为纲领，比不得六派门人，此乃事实。
Story/D_S0030_01_061,唐门弟子等闲不为外人运功疗伤的原因很简单，\n吾等内功为药膳所养，同门相渡无害，于外人而言，却是剧毒。\n你说唯恐救人不成反害人，这话并没有错。
Story/O_S0030_01_005,因为唐门内力不应耗于下贱俗人
Story/D_S0030_01_062,因为唐门内力不应耗于下贱俗人！
Story/D_S0030_01_063,你又能是什么高贵玩意了？
Story/D_S0030_01_064,哦，我还道二师兄你会有共鸣。
Story/D_S0030_01_065,唐门的骄傲，其来有自，首贵自知。\n没来由的自傲，只会暴露你的自卑。
Story/D_S0030_01_066,唐门弟子等闲不为人运功疗伤的原因很简单，\n吾等内功为药膳所养，同门相渡无害，于外人而言，却是剧毒。
Story/D_S0030_01_067,原来如此！
Story/D_S0030_01_068,所以，你最好别自作主张，尽干多余的事情。\n否则能活的人也会给你治死。
Story/D_S0030_01_069,明白了。
Story/D_S0030_01_070,所以，你将来被赶下山，流落街头，最好别自以为是强出头。\n医死了人，被报复打死也无所谓……。
Story/D_S0030_01_071,但若连累唐门名声，我便将你尸骨刨出来炼尸毒。
Story/D_S0030_01_072,知、知道了！
Story/D_S0030_01_073,我虽言明此乃课题，但解法未设限，这回就算了。\n下回你若再让我枉费心力，就自生自灭去吧。
Story/O_S0802_01_001,自己沉淀
Story/O_S0802_01_002,找人当对手
Story/O_S0802_01_003,解锁条件：可与人切磋
Story/T_S0805_01_001,我与其一个人练，不如趁天下英雄在此，请教切磋。
Story/N_S0802_02_01_001,你被小师妹打成破布。\n她有点内疚，哄了你半天。
Story/N_S0802_02_01_002,你战胜了全力以赴的小师妹！她比赢了还欢喜。
Story/N_S0802_02_01_003,你战胜了小师妹！
Story/N_S0802_02_02_001,你连骨折的大师兄都打不赢。\n他感觉他用屁股夹着剑都能干掉你。
Story/N_S0802_02_02_002,你趁人之危，战胜了骨折的大师兄！
Story/N_S0802_02_03_001,你败给了龙湘，她胜亦不骄，跟你拆解复习方才妙着。
Story/N_S0802_02_03_002,龙湘战胜了你，不胜欣喜之余，也跟你拆解复习方才妙着。
Story/N_S0802_02_03_003,龙湘战胜了你，重拾一些勇气。
Story/N_S0802_02_03_004,你战胜了绝世领域的龙湘！她被你点燃了斗志。
Story/N_S0802_02_03_005,你战胜了龙湘！
Story/N_S0802_02_03_006,你战胜了被心魔所困的龙湘！
Story/N_S0802_04_001,不十合，师父施展擒拿手将你拿下，恼你学艺不精，又怀疑你放水。\n飞起一脚将你踹上树，以示惩戒。
Story/N_S0802_04_002,你战胜了师父！她对你的成长感到欣慰不已。
Story/N_S0802_02_05_001,你败于点苍快剑之手，叶云舟细细跟你讲解快剑手所患为何，\n教你如何抢在对方出手之前制造妨碍、破坏进线。
Story/N_S0802_02_05_002,你战胜了叶云舟！他胜负之心已淡，一脸释然。
Story/N_S0802_02_06_001,你败于岭南七星剑下，南溪难掩得意之色，\n忍不住嘴角上扬，看你的眼神充满怜悯。
Story/N_S0802_02_06_002,你战胜了南溪！
Story/N_S0802_02_07_001,你败于青城掌门掌剑之下，他针对你进退之间呼吸的错乱提出指正。
Story/N_S0802_02_07_002,你战胜了当代青城掌门！他感于时代更迭，不得不服老。
Story/N_S0802_02_08_001,你连骨折的解无尘都打不赢，他赢了反倒大失所望。\n感觉远远不如唐布衣，说不定那唐布衣用屁股夹着剑都能干掉你。
Story/N_S0802_02_08_002,你趁人之危，战胜了骨折的解无尘！
Story/N_S0802_02_09_001,你败于峨嵋掌门向无忧，他对你行招走式间的脚步提出建言。
Story/N_S0802_02_09_002,你战胜了风雨山上傲视全雄的峨嵋派掌门！
Story/N_S0802_02_10_001,你败于申屠龙掌下，他始终云淡风清，胜亦不显于颜色。\n如当时人在青城，不加指点，却处处引导你发觉自身所患不足。
Story/N_S0802_02_10_002,你战胜了隐世不出的青城绝顶高手！\n他对你越发激赏，一瞬之间，眼里迸发出骇人的精光，杀意激昂。\n旋即消敛，你只当是看走了眼。
Story/O_S0802_02_Break_01_001,和小师妹切磋
Story/D_S0802_02_Break_01_001,全力吗？
Story/O_S0802_02_Break_01_002,全力
Story/D_S0802_02_Break_01_002,我来了。
Story/O_S0802_02_Break_01_003,请在不至于杀死我的程度努力。
Story/D_S0802_02_Break_01_003,我尽量。
Story/O_S0802_02_Break_01_004,和大师兄切磋
Story/D_S0802_02_Break_01_004,我手骨折咧，你趁人之危，到底有没有良心啊。
Story/O_S0802_02_Break_01_005,与龙湘切磋
Story/D_S0802_02_Break_01_005,姊现在可是很厉害的。你可要小心别受伤了。
Story/D_S0802_02_Break_01_006,我受不受伤难道不是取决于你吗？
Story/D_S0802_02_Break_01_007,好～来吧！
Story/O_S0802_02_Break_01_006,与师傅指点
Story/D_S0802_02_Break_01_008,可以呀，为师陪你耍耍。
Story/O_S0802_02_Break_01_007,与叶云舟切磋
Story/D_S0802_02_Break_01_009,以叶某做砺石吗？乐意之至。
Story/O_S0802_02_Break_01_008,与南溪切磋
Story/D_S0802_02_Break_01_010,……你确定？我可以杀了你吧。
Story/D_S0802_02_Break_01_011,切磋而已！切磋而已！
Story/O_S0802_02_Break_01_009,与邹博请教
Story/D_S0802_02_Break_01_012,好得很，老道也嫌动得不够厉害。\n咱们就耍上几招，消化一下肚里肥油。
Story/O_S0802_02_Break_01_010,与解无尘切磋
Story/D_S0802_02_Break_01_013,哇，你主动找我切磋！\n我还正想怎么开口才好呢，这可是你自找的，来来来。
Story/D_S0802_02_Break_01_014,啊，我忘了你还伤着。
Story/D_S0802_02_Break_01_015,我没有！
Story/O_S0802_02_Break_01_011,请向无忧请教
Story/D_S0802_02_Break_01_016,……甚好。难得有缘，不妨忘年。\n只是十日之约将至，切磋仍须留意分寸，莫要受伤，反而得不偿失。
Story/O_S0802_02_Break_01_012,向申屠龙请教
Story/D_S0802_02_Break_01_017,嗯……不决高低，点到即止的话。\n贫道也颇为好奇，方今天下最拔尖的少年侠士，武艺多高。
Story/D_S0214_01_001,咦？叶兄，你来了，却在弟子房门口徘徊做甚？
Story/D_S0214_01_002,赵兄，你怎从外边来？\n叶某问人，还道你在房中午寐，叩门不应，不敢惊扰，遂在此等着。
Story/D_S0214_01_003,又是那个缺德家伙，整天说我偷懒。
Story/D_S0214_01_004,话说你也太见外了，叩门不应，怎不推门进屋看看，\n一看便知虚实的事，却在这儿晒日头干等，忒也不知变通。
Story/D_S0214_01_005,赵兄，你可回来了。\n叶某寻你来着，听说你出门办事，唯恐错过，遂在此候着。
Story/D_S0214_01_006,怎不进屋坐着喝茶，却在这儿晒日头干等，忒也拘礼。
Story/D_S0214_01_007,以唐门、点苍两派之旧怨，唐掌门能不计前嫌，收容叶某为客，\n叶某戴德于心，却不敢逾矩造次，擅闯贵院高足起居之所。
Story/D_S0214_01_008,那倒是理，我一时忘了你是点苍弟子。
Story/D_S0214_01_009,赵兄抬爱。
Story/D_S0214_01_010,说来，叶兄寻赵某不知所为何事？
Story/D_S0214_01_011,无事不敢相烦，叶某专为还钱而来。
Story/D_S0214_01_012,咦，但客栈那时，你朋友已经──
Story/D_S0214_01_013,赵兄，那些少侠并非叶某的朋友。\n他们所做的一切，均和叶某无关。
Story/D_S0214_01_014,哦。事到如今也找不到人退钱，我只好勉为其难收下了。
Story/D_S0214_01_015,说得对，是他们自己要给我的，活该。
Story/D_S0214_01_016,哦，叶兄太见外了。\n你羁旅在外，用钱的地方多着，反观我住家里，又不急用钱，\n何需专程。
Story/D_S0214_01_017,赵兄信得过叶某，那是赵兄的品德，叶某却不能不时刻挂怀。\n钱还了，恩情却还难偿。
Story/D_S0214_01_018,真麻烦，这人真麻烦。
Story/D_S0214_01_019,所以，叶兄究竟寻我何事？
Story/D_S0214_01_020,无事不敢相烦，叶某专为还钱而来。
Story/D_S0214_01_021,咦，但客栈那时，你朋友已经──
Story/D_S0214_01_022,赵兄，那些少侠并非叶某的朋友。\n他们所做的一切，均和叶某无关。
Story/D_S0214_01_023,哦，说得也是。\n他们都居心叵测，又是自己塞我手里的，白拿他们的也不心虚。
Story/D_S0214_01_024,那样我赚到了耶。
Story/D_S0214_01_025,哦，原来你还记得，我还道你给忘了，\n又不敢出声提醒你，就怕你眉头一皱，把我给砍了。
Story/D_S0214_01_026,岂敢！赵兄莫说笑了。\n叶家以忠义为荣，不肖子孙叶云舟焉能忘恩负义。
Story/D_S0214_01_027,我当时就说云裳也是我妹妹，我那一份不用还的。
Story/D_S0214_01_028,叶某还的，是叶某这一份。\n云裳的钱财归她自己管理，叶某无权干涉。
Story/D_S0214_01_029,哦，难怪她一身珠宝，看着都价值不斐。\n却不肯拿去典当换钱买药，却原来是她不肯。
Story/D_S0214_01_030,她说她反正治不好，买药是浪费。\n不许我动她身上一分一毫，誓要带进坟墓里……。
Story/D_S0214_01_031,……。
Story/D_S0214_01_032,……叶某对这个妹妹，实是亏欠良多，愧疚得紧。\n不舍剥夺她心爱之物，是以这笔欠债迁延至今，迟迟不能还上，\n还望赵兄见谅。
Story/D_S0214_01_033,不，你言重了。
Story/D_S0214_01_034,嗯……？叶兄，你数过吗？只怕给多了吧。
Story/D_S0214_01_035,没有给多，叶某心知肚明。\n赵兄当时付的并非实数，而是你全部的身家。\n感此重义，自当涌泉以报。
Story/D_S0214_01_036,慢着～那是我的！那是我给师弟买牛的钱！
Story/D_S0214_01_037,师弟，你可别觉得不乐意，你片刻之前，手里还空空如也。
Story/D_S0214_01_038,更何况这本来就是我的钱，\n你拿我的钱去做买卖，压根没问过我，换言之是你欠我的！\n多的就当我的利息！你说利息也没有这么高？
Story/D_S0214_01_039,那就是你们兄妹住唐门的租金！你说租金也没这么贵？
Story/D_S0214_01_040,那就是你妹对我种种残害的补偿金、医药费！！
Story/D_S0214_01_041,这……。
Story/D_S0214_01_042,事到如今怎么还一脸愕然，你莫非不曾吃过他的亏？\n要不是门规所限，我四师兄入山为寇，去打家劫舍都不奇怪。
Story/N_S0214_01_001,事后，在二师兄施压下，四师兄被迫将多拿的钱反吐出来，\n可叶云舟坚决不受，又经三师兄出面协调，才将这笔钱财分配妥当，\n你同四师兄一人一份，剩余的充公唐门库房。
