System/Start/StartGame,启程
System/Start/StartActGame,启程(活动)
System/Start/Setting,环境设定
System/Start/Library,讲经堂
System/Start/Exit,归隐山林
System/Menu/Continue,继续游戏
System/Menu/SaveGame,储存游戏
System/Menu/LoadGame,读取游戏
System/Menu/Setting,环境设定
System/Menu/Title,回到标题
System/Menu/Giveup,投降
System/Menu/Submit,确定
System/Menu/Cancel,取消
System/Menu/KeyboardSetting,键盘设定
System/Menu/LibraryEnd,汗青书
System/Menu/LibraryDead,生死簿
System/Menu/LibraryAchievement,风云史
System/Menu/LibraryLegend,活侠传
System/Menu/AutoSave,自动存档
System/Menu/ManualSave,手动存档
System/Menu/CommunityContent,玩家社群
System/Menu/DataBackup,数据备份
System/Menu/RecentSave,最近存档
System/AutoSaveText,剧情自动存档
System/FreeAutoSaveText,养成自动存档
System/EnableSaveText,手动存档解锁
System/DisableSaveText,手动存档上锁
System/Loading,读取中...
System/CombatStartText,战‧你‧娘‧亲
System/StoryInfoTip,选单 - [ESC]\n状态 - [S]\n回想 - [L]\n自动 - [A]\n快带- [左Ctrl]
System/EndText,结局{0}
System/AchieveText,已达成
System/NotAchieveText,未达成
System/CountText,{0} 次
System/SaveLegnedText,记载活侠传故事
System/Read,阅读
System/Export,导出
System/ExportSuccess,导出成功：{0}
System/GetAchievementText,达成风云史《{0}》
System/AutoSaveStory,剧情
System/AutoSaveFree,养成
System/AutoSaveBattle,战斗
System/Skip,快带
System/Operate,操作
System/BackupSuccess,数据备份完成
System/Title/Setting,设定
System/Title/Status,状态
System/Title/Alchemy,炼丹
System/Title/Alchemy_01,炼
System/Title/Alchemy_02,丹
System/Title/Forge,锻造
System/Title/Forge_01,锻
System/Title/Forge_02,造
System/Title/Develop,开发
System/Title/Develop_01,开
System/Title/Develop_02,发
System/Title/Training,修练
System/Title/Training_01,修
System/Title/Training_02,练
System/Title/Property,属性
System/Title/Talent,技能
System/Title/Book,书籍
System/Title/Misc,杂物
System/Title/Special,宝物
System/Title/Bag,行囊
System/Title/Equip,装备
System/Title/Weapon,暗器
System/Title/Home,门派
System/Title/Legend,传奇
System/Title/Social,人际
System/Title/Buy,买入
System/Title/Buy_01,买
System/Title/Sell,卖出
System/Title/Sell_01,卖
System/Title/Sword,刀剑
System/Title/Fist,拳掌
System/Title/Internal,内功
System/Title/Etc,其他
System/Title/Quit,离开
System/Title/AlreadyDevelop,已开发
System/Title/FateBonus,继承
System/Title/Reset,复原
System/Upgrade/Melee,武器
System/Upgrade/Equip,防具
System/Upgrade/Dart,平射
System/Upgrade/Projectile,抛射
System/Upgrade/Trap,陷阱
System/Upgrade/Poison,毒药
System/Upgrade/Medi,灵丹
System/Status,状态
System/System,系统
System/Save,储存
System/SaveText_01,储
System/SaveText_02,存
System/DeleteText_01,删
System/DeleteText_02,除
System/DeleteText,删除
System/SaveSlotText,传奇{0}
System/NoData,无资料
System/NoStory,无记载
System/NA,无
System/Infinity,无限
System/MaxLevel,最高等级
System/GameTimeText,第{0}年{1}{2}
System/Auto,自动
System/Log,回想
System/Develop,开发项目
System/Accountant,账房
System/Money,钱
System/Money2,两
System/Level,等级
System/Combat,决斗
System/Battle,战役
System/NotDevelop,需求条件不足
System/DevelopMouse,长按以开发
System/ConfirmSave,确定覆盖目前的纪录吗?
System/ConfirmDelete,确定删除选择的纪录吗？
System/CostAction,消耗行动 {0}
System/ConfirmBonusText,此页面有已分配的点数尚未确定
System/CharacterInfo,列传
System/Shop,商店
System/NoSellItem,没有任何的杂物。
System/NoSkills,没有任何的技能。
System/NoItems,没有任何的物品。
System/NoMartialBook,没有任何的秘笈。
System/NoMoneyDialog,师弟…你没有这么多钱吧？
System/BuyDialog,买得好！
System/TotalAmount,总额
System/Enable,启动
System/Revolution,逆天
System/DiceRange,收束
System/Continue,继续
System/YourChoice,你的抉择……
System/BattleSkill,–战术支援–
System/BattleFriend,我
System/BattleEnemy,敌
System/BattleSkillSetting,技能设置
System/BattleStartText_01,出
System/BattleStartText_02,征
System/BattleStartText,出征
System/BattleHeader,决战
System/BattleVictory,胜
System/BattleLose,败
System/BattleVictoryText_01,大获全胜
System/BattleLoseText_01,一败涂地
System/BattleTimeoutText_01,时间结束
System/BattleGetMoney,获得 {0}钱
System/EmptyBattleSkill,没朋友
System/BattleInfoHeader,操作
System/BattleInfoText_01,选单 - [ESC]\n移动 - [箭头键]\n翻滚 - [空格键]
System/BattleInfoText_02,近战 - [Z]\n平射 - [X]\n抛射 - [长按X]\n嘴攻 - [C]
System/BattleInfoText_03,技能1 - [Q]\n技能2 - [W]\n技能3 - [E]\n技能4 - [R]
System/BattlePause,—暂停—
System/BattleTime,时间
System/Header/Lover,心系：
System/Header/Mental,心相：
System/Header/Property,阴阳：
System/Header/Fate,命运：
System/Header/TrainCondition,修练条件：
System/Header/TrainCondition_02,以下条件其一达成
System/Header/MaxCost,最大消费：
System/Header/CostMoney,花费银两：
System/Header/MaxBaseDice,[基础骰子下限：{0} 上限：{1}]
System/Number_0,零
System/Number_1,一
System/Number_2,二
System/Number_3,三
System/Number_4,四
System/Number_5,五
System/Number_6,六
System/Number_7,七
System/Number_8,八
System/Number_9,九
System/Number_10,十
System/Number_11,十一
System/Number_12,十二
System/Month_1,一月
System/Month_2,二月
System/Month_3,三月
System/Month_4,四月
System/Month_5,五月
System/Month_6,六月
System/Month_7,七月
System/Month_8,八月
System/Month_9,九月
System/Month_10,十月
System/Month_11,十一月
System/Month_12,十二月
System/Stage_1,上旬
System/Stage_2,中旬
System/Stage_3,下旬
System/Restart,重新开始
System/GoMenu,回主选单
System/ClickContinue,–点击继续–
System/Dead_1,你死了。
System/Dead_2,这是你的尸体，没有人爱你。
System/ListenKeyRebind,请输入新的...或ESC取消
SystemSetting/Title/Lang,游戏语言
SystemSetting/Title/Game,游戏设定
SystemSetting/Title/Graphic,画面设定
SystemSetting/Title/Sound,声音设定
SystemSetting/Title/MustReturnTitle,需返回到游戏标题设定
SystemSetting/Game/ManualDestiny,手动启动天命轮盘
SystemSetting/Game/AutoSave,养成回合自动存档
SystemSetting/Game/SkipUnreadStory,可快转未读文字
SystemSetting/Game/ReadStoryColor,已读文字变色
SystemSetting/Graphic/Resolution,分辨率
SystemSetting/Graphic/Fullscreen,全屏幕(只适用16:9比例显示器)
SystemSetting/Graphic/GamepadIcon,控制器图示
SystemSetting/Sound/Master,主音量
SystemSetting/Sound/Music,音乐音量
SystemSetting/Sound/SFX,音效音量
System/NextFactionLevel,下一等级：门派规模{0}
System/NoMoney,银两不足
System/NoPoint,点数不足
System/itemSold,售罄
DevelopCondition/Require,需要
DevelopCondition/FactionLevel,门派规模{0}
DevelopCondition/ItemLevel,装备等级{0}
DevelopRefund/ForgePoint,归还{0}点锻造点数
DevelopRefund/AlchemyPoint,归还{0}点炼丹点数
DevelopRefund/Money,归还{0}银两
DevelopRefund/CurrentDevelopRef,依目前开发项目
Develop/RequireLevel,需求：等级 {0}
Develop/Unknown,未知
MartialCondition/Stat,{0}{1}{2}(目前{3}) ({4})
MartialCondition/Character,{0}好感度{1}{2}(目前{3}) ({4})
MartialCondition/Book,需要《{0}》({1})
MartialCondition/Special,需要《{0}》(持有{1}) ({2})
MartialCondition/Misc,需要《{0}》(持有{1}) ({2})
MartialCondition/Talent,技能《{0}Lv{1}》(目前{2}) ({3})
MartialCondition/Confucianism,儒学{0}{1}(目前{2}) ({3})
MartialCondition/Taoism,道学{0}{1}(目前{2}) ({3})
MartialCondition/Buddhism,释学{0}{1}(目前{2}) ({3})
MartialCondition/Xingyi,形意拳{0}{1}(目前{2}) ({3})
MartialStatDisplay/Stat,属性：{0} [{1}/{2}]
MartialStatDisplay/StatPreview,影响：{0}
MartialStatDisplay/Talent,技能：{0} [{1}/{2}]
MartialStatDisplay/TalentNoLevel,技能：{0}
MartialStatDisplay/TalentPreview,可习得：{0}
Middle/Title/Issue,议题
Middle/Title/CostAction,消耗行动
Middle/Title/CostContribution,消耗贡献
Middle/Title/Combat,决斗
Middle/Title/Battle,战役
Middle/Title/Talk,闲聊
Middle/Title/Shop,商店
Middle/Title/Change,切换
Middle/Title/Event,事件
Middle/Title/Quit,离开
Middle/Title/Move,移动
Middle/Title/Default,其他
BattleKey/Name/Up,上
BattleKey/Name/Down,下
BattleKey/Name/Left,左
BattleKey/Name/Right,右
BattleKey/Name/Attack1,近战
BattleKey/Name/Attack2,平射(长按抛射)
BattleKey/Name/Attack3,抛射
BattleKey/Name/Curse,嘴功
BattleKey/Name/Dodge,闪避
BattleKey/Name/Skill_1,技能1
BattleKey/Name/Skill_2,技能2
BattleKey/Name/Skill_3,技能3
BattleKey/Name/Skill_4,技能4
BattleKey/Name/Setting,设定
BattleKey/Name/Reset,预设
System/StoryEvent,事件
