UpgradeItemRelationDesc/CombatAttack_001,捅人伤害+{0:N0}  骰子+{1:N0}
UpgradeItemRelationDesc/CombatAttack_002,捅人伤害+{0:N0}
UpgradeItemRelationDesc/CombatAttack_101,暗器伤害+{0:N0}
UpgradeItemRelationDesc/CombatAttack_102,暗器命中补正+{0:N0}
UpgradeItemRelationDesc/CombatAttack_103,暗器伤害+{0:N0}  暗器骰子+{1:N0}
UpgradeItemRelationDesc/CombatDefence_001,备揍减免+{0:N0}
UpgradeItemRelationDesc/CombatDefence_002,血量+{0:N0}
UpgradeItemRelationDesc/CombatDefence_003,移动速度加成{0:N0}
UpgradeItemRelationDesc/CombatPoison_001,血毒+{0:N0}
UpgradeItemRelationDesc/CombatPoison_002,神经毒+{0:N0}
UpgradeItemRelationDesc/CombatPoison_003,抗毒+{0:N0}
UpgradeItemRelationDesc/CombatPoison_004,抗麻+{0:N0}
UpgradeItemRelationDesc/BattleAttack_001,近战伤害{0:N0}  爆击率{1:P0}
UpgradeItemRelationDesc/BattleAttack_101,平射伤害{0:N0}  爆击率{1:P0}
UpgradeItemRelationDesc/BattleAttack_201,抛射伤害{0:N0}  爆击率{1:P0}
UpgradeItemRelationDesc/BattleAttack_301,陷阱伤害{0:N0}
UpgradeItemRelationDesc/BattleAttack_401,范围{0:N0}
UpgradeItemRelationDesc/BattleDefence_001,全部生命+{0:N0}
UpgradeItemRelationDesc/BattleDefence_002,防御等级+{0:N0}
UpgradeItemRelationDesc/BattleDefence_003,每秒回血+{0:N0}
UpgradeItemRelationDesc/BattleEffect_001,触发{0:N0}种异常状态
UpgradeItemRelationDesc/BattlePoison_001,异常状态：中毒等级+{0:N0}
UpgradeItemRelationDesc/BattlePoison_002,异常状态：麻痹等级+{0:N0}
UpgradeItemRelationDesc/BattlePoison_003,异常状态：抗毒等级+{0:N0}
UpgradeItemRelationDesc/BattlePoison_004,异常状态：抗麻等级+{0:N0}
