Work/Content/Mall,焚香·烹茶‧掌灯
Work/Content/Center,扫除
Work/Content/Poison,炼毒制药
Work/Content/Forge,锻造暗器
Work/Content/BackMountain,挑柴/挑水
Work/Content/Room1,偷懒
Work/Content/Door,购案
Work/Content/Study,庶务
Work/Content/Kitchen,掌厨
Work/Dialog/Mall,在正心堂担任值日生，只需要做一些简单的风雅工作。\n非但不会造成心理负担，还可以修身养性。\n不过老是挑这种轻松的活，会惹人眼红的。
Work/Dialog/Center,由于练习用的暗器装有墨水的缘故，\n所以无论清扫得多干净，每日早操完之后铁定会变很脏乱。\n总得有人把环境整理好的。
Work/Dialog/Alchemy,到不见天日的炼丹房去供人差遣吧。
Work/Dialog/Forge,到热死人的锻冶场去供人差遣吧。
Work/Dialog/BackMountain,为唐门上下打足明日用的柴薪与日常用水。\n没有人想做这苦差事，因为很累。\n此外栈道陡峭，为了不摔死必须步步为营，跑多几趟说不定轻功会变好，呵。
Work/Dialog/Room1,我今天不想工作。\n我压力很大！
Work/Dialog/Room2,为了不被发现，必须从大白天就伏在女弟子房外悬崖边上守株待兔。\n等到入了夜，小师妹就会在窗边折纸鹤。\n我没打算做坏事，我只是想听她的呼吸声！
Work/Dialog/Door,下山去采买生活必需品。\n可以透透气是不错，可是往往一去就多日不能回来，见不到小师妹……。
Work/Dialog/Study,当三师兄的助手，协助处理门中大小杂务。\n兼任讲经堂藏书管理员，专司出借纪录。\n闲暇时也可以自己翻翻书，挺好的。
Work/Dialog/Kitchen,烧几道好菜拢络人心吧。
Work/Dialog/Secret,神秘的房子。
Free/Content/Mall,静坐冥想
Free/Content/Center,团练
Free/Content/Poison,当二师兄的助手
Free/Content/BackMountain,修练秘籍
Free/Content/Room1,耍废
Free/Content/Door,门外选项(长假)
Free/Content/Study,听三师兄讲课
Free/Content/Room2,小师妹房外蹲哨
Free/Dialog/Mall,修心课，无论入室弟子或外姓弟子都可以自由参加。
Free/Dialog/Center,团练除了可以强身健体、敦亲睦邻之外，\n最重要的是可以见到小师妹！
Free/Dialog/Poison,二师兄就喜欢一边使唤人做事一边骂人。
Free/Dialog/BackMountain,唐门不肯传我真功夫，我就躲起来自己偷练武功。
Free/Dialog/Room1,朕今天什么也不想做。\n难得的假日就该东床高卧。
Free/Dialog/Door,出门玩耍去。
Free/Dialog/Study,听三师兄讲些圣贤道理，增长学问见识。
Free/Dialog/Room2,为了不被发现，必须从大白天就伏在女弟子房外悬崖边上守株待兔。\n等到入了夜，小师妹就会在窗边折纸鹤。\n我没打算做坏事，我只是想听她的呼吸声！
